send_time          ,time_process          ,image_count ,time_received
1733409579.300201  ,75.04206395149231     ,        0.0 ,1733409579.6983428
1733409583.3964307 , 1.3987538814544678   ,        1.0 ,1733409583.548702
1733409583.447957  , 0.01678323745727539  ,        2.0 ,1733409583.6234822
1733409583.5218875 , 0.017217636108398438 ,        3.0 ,1733409583.6234822
1733409583.5853248 , 0.018167734146118164 ,        4.0 ,1733409583.6234822
1733409583.6493254 , 0.020169496536254883 ,        5.0 ,1733409583.689455
1733409583.6852822 , 0.014864206314086914 ,        6.0 ,1733409583.689455
1733409583.7217982 , 0.015290498733520508 ,        7.0 ,1733409583.7588139
1733409583.754223  , 0.01521921157836914  ,        8.0 ,1733409583.7588139
1733409583.7851703 , 0.014741897583007812 ,        9.0 ,1733409583.823592
1733409583.8167937 , 0.01482248306274414  ,       10.0 ,1733409583.823592
1733409583.8479207 , 0.014555931091308594 ,       11.0 ,1733409583.895235
1733409583.8802161 , 0.015103816986083984 ,       12.0 ,1733409583.895235
1733409583.9132435 , 0.014951229095458984 ,       13.0 ,1733409583.9592
1733409583.948444  , 0.014117717742919922 ,       14.0 ,1733409583.9592
1733409583.9820054 , 0.014843463897705078 ,       15.0 ,1733409584.0470889
1733409584.0131607 , 0.014484882354736328 ,       16.0 ,1733409584.0470889
1733409584.0451765 , 0.014889955520629883 ,       17.0 ,1733409584.0470889
1733409584.0897863 , 0.015129804611206055 ,       18.0 ,1733409584.108534
1733409584.1254497 , 0.015887022018432617 ,       19.0 ,1733409584.177968
1733409584.1576698 , 0.014189720153808594 ,       20.0 ,1733409584.177968
1733409584.1928382 , 0.017515897750854492 ,       21.0 ,1733409584.2433121
1733409584.2297595 , 0.017188549041748047 ,       22.0 ,1733409584.2433121
1733409584.266934  , 0.015111923217773438 ,       23.0 ,1733409584.2996428
1733409584.3022223 , 0.015457391738891602 ,       24.0 ,1733409584.368643
1733409584.3338916 , 0.015325069427490234 ,       25.0 ,1733409584.368643
1733409584.3663442 , 0.015451431274414062 ,       26.0 ,1733409584.368643
1733409584.420887  , 0.015024423599243164 ,       27.0 ,1733409584.43375
1733409584.4597168 , 0.015949487686157227 ,       28.0 ,1733409584.492903
1733409584.5009303 , 0.01677727699279785  ,       29.0 ,1733409584.564398
1733409584.533399  , 0.014291763305664062 ,       30.0 ,1733409584.564398
1733409584.5706077 , 0.01611471176147461  ,       31.0 ,1733409584.628953
1733409584.6024482 , 0.014885902404785156 ,       32.0 ,1733409584.628953
1733409584.6357062 , 0.016588211059570312 ,       33.0 ,1733409584.698412
1733409584.6702898 , 0.01702094078063965  ,       34.0 ,1733409584.698412
1733409584.7014027 , 0.014972686767578125 ,       35.0 ,1733409584.758432
1733409584.7327993 , 0.014645814895629883 ,       36.0 ,1733409584.758432
1733409584.765283  , 0.015564680099487305 ,       37.0 ,1733409584.8198001
1733409584.7958121 , 0.01426839828491211  ,       38.0 ,1733409584.8198001
1733409584.8291008 , 0.01537322998046875  ,       39.0 ,1733409584.890196
1733409584.9223015 , 0.01692032814025879  ,       40.0 ,1733409584.963524
1733409584.9517715 , 0.014214277267456055 ,       41.0 ,1733409584.963524
1733409584.9841902 , 0.015009403228759766 ,       42.0 ,1733409585.0314791
1733409585.0183396 , 0.015218973159790039 ,       43.0 ,1733409585.0314791
1733409585.0494459 , 0.014607429504394531 ,       44.0 ,1733409585.093884
1733409585.08226   , 0.01416015625        ,       45.0 ,1733409585.093884
1733409585.1165824 , 0.016883134841918945 ,       46.0 ,1733409585.159719
1733409585.1482942 , 0.014108896255493164 ,       47.0 ,1733409585.159719
1733409585.1809824 , 0.014532089233398438 ,       48.0 ,1733409585.237447
1733409585.2134159 , 0.015335559844970703 ,       49.0 ,1733409585.237447
1733409585.244196  , 0.014468669891357422 ,       50.0 ,1733409585.298372
1733409585.2769015 , 0.013944625854492188 ,       51.0 ,1733409585.298372
1733409585.3107285 , 0.016134977340698242 ,       52.0 ,1733409585.358725
1733409585.3412936 , 0.015110015869140625 ,       53.0 ,1733409585.358725
1733409585.3735325 , 0.015720844268798828 ,       54.0 ,1733409585.426423
1733409585.6371047 , 0.020748376846313477 ,       55.0 ,1733409585.6948428
1733409585.669898  , 0.017899274826049805 ,       56.0 ,1733409585.760041
1733409585.7001307 , 0.014650821685791016 ,       57.0 ,1733409585.760041
1733409585.7306488 , 0.013549327850341797 ,       58.0 ,1733409585.760041
1733409585.7640572 , 0.015384197235107422 ,       59.0 ,1733409585.839423
1733409585.7948558 , 0.013917684555053711 ,       60.0 ,1733409585.839423
1733409585.8272715 , 0.014731645584106445 ,       61.0 ,1733409585.839423
1733409585.861787  , 0.014501094818115234 ,       62.0 ,1733409585.917349
1733409585.8955753 , 0.014757871627807617 ,       63.0 ,1733409585.917349
1733409585.9267526 , 0.014305830001831055 ,       64.0 ,1733409585.982583
1733409585.9621305 , 0.016246795654296875 ,       65.0 ,1733409585.982583
1733409585.9917219 , 0.014178276062011719 ,       66.0 ,1733409586.048341
1733409586.0232472 , 0.014137029647827148 ,       67.0 ,1733409586.048341
1733409586.0549748 , 0.014217615127563477 ,       68.0 ,1733409586.1086102
1733409586.08666   , 0.014352798461914062 ,       69.0 ,1733409586.1086102
1733409586.1194572 , 0.015515804290771484 ,       70.0 ,1733409586.1686
1733409586.1513126 , 0.01500844955444336  ,       71.0 ,1733409586.1686
1733409586.1838543 , 0.015795469284057617 ,       72.0 ,1733409586.238792
1733409586.2189796 , 0.018044710159301758 ,       73.0 ,1733409586.238792
1733409586.3750083 , 0.018898963928222656 ,       74.0 ,1733409586.494231
1733409586.4089243 , 0.016149520874023438 ,       75.0 ,1733409586.57332
1733409586.4400039 , 0.015178442001342773 ,       76.0 ,1733409586.57332
1733409586.4714835 , 0.014311552047729492 ,       77.0 ,1733409586.57332
1733409586.5035267 , 0.014782190322875977 ,       78.0 ,1733409586.57332
1733409586.535222  , 0.01478719711303711  ,       79.0 ,1733409586.57332
1733409586.597204  , 0.013548612594604492 ,       81.0 ,1733409586.6776562
1733409586.6299672 , 0.01471257209777832  ,       82.0 ,1733409586.6776562
1733409586.6659045 , 0.018845558166503906 ,       83.0 ,1733409586.6776562
1733409586.696292  , 0.014533281326293945 ,       84.0 ,1733409586.741097
1733409586.7288733 , 0.01544499397277832  ,       85.0 ,1733409586.741097
1733409587.324974  , 0.013332605361938477 ,       86.0 ,1733409587.676794
1733409587.4231746 , 0.02030038833618164  ,       87.0 ,1733409587.677192
1733409587.4902809 , 0.0183565616607666   ,       88.0 ,1733409587.677192
1733409587.5288417 , 0.016386032104492188 ,       89.0 ,1733409587.677192
1733409587.5674412 , 0.015806198120117188 ,       90.0 ,1733409587.677192
1733409587.6042259 , 0.01511836051940918  ,       91.0 ,1733409587.677192
1733409587.6373885 , 0.016101837158203125 ,       92.0 ,1733409587.763552
1733409587.6713848 , 0.0163881778717041   ,       93.0 ,1733409587.763552
1733409587.7040606 , 0.014281749725341797 ,       94.0 ,1733409587.763552
1733409587.740208  , 0.014094114303588867 ,       95.0 ,1733409587.763552
1733409587.7783058 , 0.014180898666381836 ,       96.0 ,1733409587.829296
1733409587.8140373 , 0.014463663101196289 ,       97.0 ,1733409587.829296
1733409587.8457403 , 0.014751672744750977 ,       98.0 ,1733409587.899385
1733409587.8825905 , 0.014826536178588867 ,       99.0 ,1733409587.899385
1733409587.914443  , 0.015017986297607422 ,      100.0 ,1733409587.980441
1733409587.9461873 , 0.013956785202026367 ,      101.0 ,1733409587.980441
1733409587.9778173 , 0.014208793640136719 ,      102.0 ,1733409588.0537212
1733409588.0133557 , 0.015311717987060547 ,      103.0 ,1733409588.0537212
1733409588.0458229 , 0.013968944549560547 ,      104.0 ,1733409588.0537212
1733409588.078149  , 0.014127016067504883 ,      105.0 ,1733409588.109501
1733409588.1105616 , 0.015092611312866211 ,      106.0 ,1733409588.20517
1733409588.1445253 , 0.014711141586303711 ,      107.0 ,1733409588.20517
1733409588.175214  , 0.013877391815185547 ,      108.0 ,1733409588.20517
1733409588.2132633 , 0.016791582107543945 ,      109.0 ,1733409588.26754
1733409588.2420764 , 0.013905048370361328 ,      110.0 ,1733409588.26754
1733409588.2822008 , 0.01583242416381836  ,      111.0 ,1733409588.3295581
1733409588.3132224 , 0.015406370162963867 ,      112.0 ,1733409588.3295581
1733409588.3507638 , 0.01440882682800293  ,      113.0 ,1733409588.39988
1733409588.3849869 , 0.015748262405395508 ,      114.0 ,1733409588.39988
1733409588.4801366 , 0.01790642738342285  ,      115.0 ,1733409588.480533
1733409588.5144567 , 0.015798091888427734 ,      116.0 ,1733409588.547869
1733409588.5486574 , 0.014996528625488281 ,      117.0 ,1733409588.608921
1733409588.57883   , 0.013597726821899414 ,      118.0 ,1733409588.608921
1733409588.6176794 , 0.01617908477783203  ,      119.0 ,1733409588.668855
1733409588.653246  , 0.01859903335571289  ,      120.0 ,1733409588.668855
1733409588.689635  , 0.014837026596069336 ,      121.0 ,1733409588.734668
1733409588.7214541 , 0.014609336853027344 ,      122.0 ,1733409588.734668
1733409588.7570794 , 0.01393270492553711  ,      123.0 ,1733409588.807384
1733409588.790731  , 0.015219926834106445 ,      124.0 ,1733409588.807384
1733409588.8280573 , 0.015362024307250977 ,      125.0 ,1733409588.87324
1733409588.8620248 , 0.014744758605957031 ,      126.0 ,1733409588.87324
1733409588.8981543 , 0.014180898666381836 ,      127.0 ,1733409588.939565
1733409588.9319074 , 0.016425609588623047 ,      128.0 ,1733409588.939565
1733409588.9660432 , 0.014128684997558594 ,      129.0 ,1733409589.007374
1733409588.998105  , 0.014776468276977539 ,      130.0 ,1733409589.007374
1733409589.0524418 , 0.015124797821044922 ,      131.0 ,1733409589.09406
1733409589.084332  , 0.015470027923583984 ,      132.0 ,1733409589.09406
1733409589.1188624 , 0.014284610748291016 ,      133.0 ,1733409589.21485
1733409589.1524575 , 0.015686750411987305 ,      134.0 ,1733409589.21485
1733409589.1878283 , 0.014336347579956055 ,      135.0 ,1733409589.315789
1733409589.2188928 , 0.014024972915649414 ,      136.0 ,1733409589.315789
1733409589.2509112 , 0.01462244987487793  ,      137.0 ,1733409589.315789
1733409589.2824569 , 0.014573335647583008 ,      138.0 ,1733409589.315789
1733409589.3141088 , 0.014047384262084961 ,      139.0 ,1733409589.390721
1733409589.3460119 , 0.014459371566772461 ,      140.0 ,1733409589.390721
1733409589.3787866 , 0.014372825622558594 ,      141.0 ,1733409589.390721
1733409589.411472  , 0.015469074249267578 ,      142.0 ,1733409589.461
1733409589.442372  , 0.014843940734863281 ,      143.0 ,1733409589.461
1733409589.4744208 , 0.014562845230102539 ,      144.0 ,1733409589.5256279
1733409589.5076766 , 0.015207767486572266 ,      145.0 ,1733409589.5256279
1733409589.5390868 , 0.01514744758605957  ,      146.0 ,1733409589.604495
1733409589.5721397 , 0.014394521713256836 ,      147.0 ,1733409589.604495
1733409589.605201  , 0.016039609909057617 ,      148.0 ,1733409589.668965
1733409589.6463375 , 0.018093347549438477 ,      149.0 ,1733409589.668965
1733409589.679993  , 0.016530990600585938 ,      150.0 ,1733409589.7507021
1733409589.722154  , 0.01416158676147461  ,      151.0 ,1733409589.7507021
1733409589.7531965 , 0.01372671127319336  ,      152.0 ,1733409589.8321438
1733409589.7924235 , 0.01855778694152832  ,      153.0 ,1733409589.8321438
1733409590.3003533 , 0.02189326286315918  ,      154.0 ,1733409590.4434628
1733409590.3405323 , 0.017400503158569336 ,      155.0 ,1733409590.519947
1733409590.3738363 , 0.015129327774047852 ,      156.0 ,1733409590.519947
1733409590.4087262 , 0.015045642852783203 ,      157.0 ,1733409590.519947
1733409590.4408998 , 0.013889789581298828 ,      158.0 ,1733409590.519947
1733409590.4773965 , 0.014889955520629883 ,      159.0 ,1733409590.519947
1733409590.5440338 , 0.014352083206176758 ,      161.0 ,1733409590.593982
1733409590.5804234 , 0.015135765075683594 ,      162.0 ,1733409590.593982
1733409590.6123633 , 0.015506505966186523 ,      163.0 ,1733409590.668739
1733409590.6475506 , 0.019264936447143555 ,      164.0 ,1733409590.668739
1733409590.683196  , 0.015142440795898438 ,      165.0 ,1733409590.738553
1733409590.7141948 , 0.014635801315307617 ,      166.0 ,1733409590.738553
1733409590.7466803 , 0.015691518783569336 ,      167.0 ,1733409590.798366
1733409590.777103  , 0.014606714248657227 ,      168.0 ,1733409590.798366
1733409590.815092  , 0.015183448791503906 ,      169.0 ,1733409590.859752
1733409590.93263   , 0.01750946044921875  ,      170.0 ,1733409590.9389539
1733409592.1420074 , 0.015034675598144531 ,      171.0 ,1733409592.284477
1733409592.953818  , 0.013321638107299805 ,      172.0 ,1733409593.206506
1733409593.8655753 , 0.013250350952148438 ,      173.0 ,1733409593.86737
1733409594.9842198 , 0.013094902038574219 ,      174.0 ,1733409595.04927
1733409595.0883877 , 0.021585702896118164 ,      175.0 ,1733409595.127351
1733409595.15049   , 0.017103195190429688 ,      176.0 ,1733409595.1890528
1733409595.2098908 , 0.017281293869018555 ,      177.0 ,1733409595.24909
1733409595.2498395 , 0.016693592071533203 ,      178.0 ,1733409595.3187149
1733409595.2896018 , 0.016166210174560547 ,      179.0 ,1733409595.3187149
1733409595.3277714 , 0.016349077224731445 ,      180.0 ,1733409595.379122
1733409595.363011  , 0.015389680862426758 ,      181.0 ,1733409595.379122
1733409595.3977208 , 0.014965057373046875 ,      182.0 ,1733409595.4434922
1733409595.437335  , 0.015119314193725586 ,      183.0 ,1733409595.4434922
1733409595.4749753 , 0.018898487091064453 ,      184.0 ,1733409595.508615
1733409595.5115638 , 0.015352725982666016 ,      185.0 ,1733409595.568609
1733409595.5425174 , 0.014872074127197266 ,      186.0 ,1733409595.568609
1733409595.5835593 , 0.014888525009155273 ,      187.0 ,1733409595.637662
1733409595.6149893 , 0.014833211898803711 ,      188.0 ,1733409595.637662
1733409595.6573071 , 0.01787877082824707  ,      189.0 ,1733409595.701527
1733409595.6951847 , 0.014450550079345703 ,      190.0 ,1733409595.701527
1733409595.7312841 , 0.015002012252807617 ,      191.0 ,1733409595.7672079
1733409595.7703946 , 0.016036272048950195 ,      192.0 ,1733409595.8301172
1733409595.809889  , 0.016828536987304688 ,      193.0 ,1733409595.8301172
1733409595.8441432 , 0.015800952911376953 ,      194.0 ,1733409595.8986292
1733409595.876837  , 0.01401662826538086  ,      195.0 ,1733409595.8986292
1733409595.9125588 , 0.015846967697143555 ,      196.0 ,1733409595.958365
1733409595.9437351 , 0.013998031616210938 ,      197.0 ,1733409595.958365
1733409595.9761953 , 0.01460409164428711  ,      198.0 ,1733409596.037479
1733409596.0115714 , 0.014894247055053711 ,      199.0 ,1733409596.037479
1733409596.0443609 , 0.01519012451171875  ,      200.0 ,1733409596.099655
1733409596.0785625 , 0.01422429084777832  ,      201.0 ,1733409596.099655
1733409596.113108  , 0.017154932022094727 ,      202.0 ,1733409596.177603
1733409596.1502383 , 0.014960050582885742 ,      203.0 ,1733409596.177603
1733409596.1874447 , 0.01547098159790039  ,      204.0 ,1733409596.247638
1733409596.2345378 , 0.028391122817993164 ,      205.0 ,1733409596.247638
1733409596.2823622 , 0.028988361358642578 ,      206.0 ,1733409596.308319
1733409596.3196614 , 0.015407085418701172 ,      207.0 ,1733409596.368476
1733409596.3496213 , 0.013637542724609375 ,      208.0 ,1733409596.368476
1733409596.3842297 , 0.015009164810180664 ,      209.0 ,1733409596.459826
1733409596.4145286 , 0.013522624969482422 ,      210.0 ,1733409596.459826
1733409596.448808  , 0.013916254043579102 ,      211.0 ,1733409596.459826
1733409596.4801836 , 0.013559579849243164 ,      212.0 ,1733409596.528683
1733409596.5149853 , 0.014687299728393555 ,      213.0 ,1733409596.528683
1733409596.546583  , 0.013987541198730469 ,      214.0 ,1733409596.589142
1733409596.5839648 , 0.01701045036315918  ,      215.0 ,1733409596.589142
1733409596.614662  , 0.014400959014892578 ,      216.0 ,1733409596.660277
1733409596.6506915 , 0.018827199935913086 ,      217.0 ,1733409596.660277
1733409596.6786382 , 0.014409780502319336 ,      218.0 ,1733409596.753958
1733409596.710707  , 0.01408696174621582  ,      219.0 ,1733409596.753958
1733409596.7430832 , 0.014697790145874023 ,      220.0 ,1733409596.753958
1733409596.7768269 , 0.014236688613891602 ,      221.0 ,1733409596.816826
1733409596.8123856 , 0.017629146575927734 ,      222.0 ,1733409596.816826
1733409596.8506184 , 0.014268159866333008 ,      223.0 ,1733409596.889384
1733409596.8835156 , 0.0154266357421875   ,      224.0 ,1733409596.889384
1733409596.9208126 , 0.014990568161010742 ,      225.0 ,1733409596.957665
1733409596.9525044 , 0.014196157455444336 ,      226.0 ,1733409596.957665
1733409596.9898465 , 0.015571832656860352 ,      227.0 ,1733409597.033799
1733409597.0247169 , 0.01423335075378418  ,      228.0 ,1733409597.033799
1733409597.056862  , 0.014035224914550781 ,      229.0 ,1733409597.089035
1733409597.0897925 , 0.015202522277832031 ,      230.0 ,1733409597.14884
1733409597.1249893 , 0.014254331588745117 ,      231.0 ,1733409597.14884
1733409597.1576338 , 0.015282869338989258 ,      232.0 ,1733409597.209155
1733409597.1928704 , 0.014177322387695312 ,      233.0 ,1733409597.209155
1733409597.2241416 , 0.013782978057861328 ,      234.0 ,1733409597.3459468
1733409597.2587004 , 0.014416694641113281 ,      235.0 ,1733409597.3459468
1733409597.2905297 , 0.014610528945922852 ,      236.0 ,1733409597.3459468
1733409597.3247526 , 0.014833688735961914 ,      237.0 ,1733409597.3459468
1733409597.3584325 , 0.015197038650512695 ,      238.0 ,1733409597.4087481
1733409597.3911736 , 0.013979911804199219 ,      239.0 ,1733409597.4087481
1733409597.4241579 , 0.01534414291381836  ,      240.0 ,1733409597.467874
1733409597.467031  , 0.01502370834350586  ,      241.0 ,1733409597.467874
1733409597.5020971 , 0.015218496322631836 ,      242.0 ,1733409597.538135
1733409597.53727   , 0.016318321228027344 ,      243.0 ,1733409597.598697
1733409597.5680811 , 0.013683557510375977 ,      244.0 ,1733409597.598697
1733409597.6040905 , 0.014227867126464844 ,      245.0 ,1733409597.658056
1733409597.6394656 , 0.017821311950683594 ,      246.0 ,1733409597.658056
1733409597.6746013 , 0.016058683395385742 ,      247.0 ,1733409597.7189991
1733409597.705049  , 0.014672279357910156 ,      248.0 ,1733409597.7189991
1733409597.7371907 , 0.013824701309204102 ,      249.0 ,1733409597.781753
1733409597.770069  , 0.015045166015625    ,      250.0 ,1733409597.781753
1733409597.8014216 , 0.014112234115600586 ,      251.0 ,1733409597.8433971
1733409597.8325586 , 0.01358795166015625  ,      252.0 ,1733409597.8433971
1733409597.8680365 , 0.01624584197998047  ,      253.0 ,1733409597.916791
1733409597.9024353 , 0.017292261123657227 ,      254.0 ,1733409597.916791
1733409597.991888  , 0.017412662506103516 ,      255.0 ,1733409597.9935098
1733409598.0263312 , 0.015476226806640625 ,      256.0 ,1733409598.0594618
1733409598.0656278 , 0.01611495018005371  ,      257.0 ,1733409598.118471
1733409598.0976615 , 0.015241861343383789 ,      258.0 ,1733409598.118471
1733409598.136013  , 0.01564335823059082  ,      259.0 ,1733409598.179043
1733409598.1664753 , 0.014447450637817383 ,      260.0 ,1733409598.179043
1733409598.201628  , 0.014601707458496094 ,      261.0 ,1733409598.240296
1733409598.2336025 , 0.014736175537109375 ,      262.0 ,1733409598.240296
1733409598.2713044 , 0.01465749740600586  ,      263.0 ,1733409598.31531
1733409598.3023202 , 0.013798713684082031 ,      264.0 ,1733409598.31531
1733409598.3362563 , 0.013791322708129883 ,      265.0 ,1733409598.389109
1733409598.3717492 , 0.014217138290405273 ,      266.0 ,1733409598.389109
1733409598.4135013 , 0.015222787857055664 ,      267.0 ,1733409598.449167
1733409598.4449968 , 0.014984130859375    ,      268.0 ,1733409598.449167
1733409598.4813313 , 0.014803409576416016 ,      269.0 ,1733409598.516495
1733409598.5143979 , 0.014841079711914062 ,      270.0 ,1733409598.516495
1733409598.545717  , 0.014594554901123047 ,      271.0 ,1733409598.5792902
1733409598.580364  , 0.01660323143005371  ,      272.0 ,1733409598.638392
1733409598.6166127 , 0.016255855560302734 ,      273.0 ,1733409598.638392
1733409598.6522052 , 0.017452478408813477 ,      274.0 ,1733409598.699212
1733409598.683994  , 0.014458894729614258 ,      275.0 ,1733409598.699212
1733409598.7154107 , 0.014136552810668945 ,      276.0 ,1733409598.759873
1733409598.7474842 , 0.014177322387695312 ,      277.0 ,1733409598.759873
1733409598.7832723 , 0.015335321426391602 ,      278.0 ,1733409598.82794
1733409598.816192  , 0.014900684356689453 ,      279.0 ,1733409598.82794
1733409598.8467655 , 0.013770818710327148 ,      280.0 ,1733409598.891447
1733409598.885246  , 0.015187978744506836 ,      281.0 ,1733409598.891447
1733409598.9163544 , 0.013904809951782227 ,      282.0 ,1733409598.95704
1733409598.9517634 , 0.014763355255126953 ,      283.0 ,1733409598.95704
1733409598.9856963 , 0.014975547790527344 ,      284.0 ,1733409599.0328739
1733409599.018309  , 0.014842748641967773 ,      285.0 ,1733409599.0328739
1733409599.0611064 , 0.015857934951782227 ,      286.0 ,1733409599.1016939
1733409599.096383  , 0.015216588973999023 ,      287.0 ,1733409599.1016939
1733409599.1275654 , 0.014731407165527344 ,      288.0 ,1733409599.174906
1733409599.1602778 , 0.013943910598754883 ,      289.0 ,1733409599.174906
1733409599.1929429 , 0.014954566955566406 ,      290.0 ,1733409599.240142
1733409599.2281919 , 0.014189481735229492 ,      291.0 ,1733409599.240142
1733409599.2611682 , 0.015076398849487305 ,      292.0 ,1733409599.313843
1733409599.3009925 , 0.015651464462280273 ,      293.0 ,1733409599.313843
1733409599.3365502 , 0.01504373550415039  ,      294.0 ,1733409599.375529
1733409599.3693848 , 0.01453399658203125  ,      295.0 ,1733409599.375529
1733409599.4033153 , 0.014761209487915039 ,      296.0 ,1733409599.4553652
1733409599.4351764 , 0.01411294937133789  ,      297.0 ,1733409599.4553652
1733409599.468547  , 0.014638662338256836 ,      298.0 ,1733409599.518732
1733409599.5063102 , 0.017902612686157227 ,      299.0 ,1733409599.518732
1733409600.4226046 , 0.014954566955566406 ,      300.0 ,1733409600.4230552
1733409600.55954   , 0.02538609504699707  ,      301.0 ,1733409600.565842
1733409600.6017635 , 0.016253232955932617 ,      302.0 ,1733409600.649916
1733409600.6449237 , 0.01917719841003418  ,      303.0 ,1733409600.649916
1733409600.675164  , 0.01386880874633789  ,      304.0 ,1733409600.719234
1733409600.708944  , 0.014209747314453125 ,      305.0 ,1733409600.719234
1733409600.7411811 , 0.01499032974243164  ,      306.0 ,1733409600.793668
1733409600.7744792 , 0.013771295547485352 ,      307.0 ,1733409600.793668
1733409600.8071606 , 0.01503753662109375  ,      308.0 ,1733409600.859565
1733409600.8398528 , 0.01376485824584961  ,      309.0 ,1733409600.859565
1733409600.8727088 , 0.015191078186035156 ,      310.0 ,1733409600.928629
1733409600.9054282 , 0.013538122177124023 ,      311.0 ,1733409600.928629
1733409600.9397464 , 0.016485929489135742 ,      312.0 ,1733409600.990015
1733409600.9740322 , 0.014421463012695312 ,      313.0 ,1733409600.990015
1733409601.0999856 , 0.0196688175201416   ,      314.0 ,1733409601.1064792
1733409601.236412  , 0.01828908920288086  ,      315.0 ,1733409601.36862
1733409601.881474  , 0.020896434783935547 ,      316.0 ,1733409601.882912
1733409602.5558197 , 0.012557744979858398 ,      317.0 ,1733409602.557755
1733409602.6619735 , 0.01725482940673828  ,      318.0 ,1733409602.667899
1733409602.703685  , 0.01622319221496582  ,      319.0 ,1733409602.728788
1733409602.743433  , 0.015759706497192383 ,      320.0 ,1733409602.793845
1733409602.7837067 , 0.0159151554107666   ,      321.0 ,1733409602.793845
1733409602.8145967 , 0.014293193817138672 ,      322.0 ,1733409602.857334
1733409602.8523586 , 0.015218019485473633 ,      323.0 ,1733409602.857334
1733409602.8837633 , 0.015118122100830078 ,      324.0 ,1733409602.91891
1733409602.9196777 , 0.01459646224975586  ,      325.0 ,1733409602.978365
1733409602.9516237 , 0.015141725540161133 ,      326.0 ,1733409602.978365
1733409602.9837048 , 0.015013694763183594 ,      327.0 ,1733409603.040271
1733409603.0175872 , 0.014805316925048828 ,      328.0 ,1733409603.040271
1733409603.051966  , 0.014983892440795898 ,      329.0 ,1733409603.109204
1733409603.0860033 , 0.016354084014892578 ,      330.0 ,1733409603.109204
1733409603.1959112 , 0.01644301414489746  ,      331.0 ,1733409603.19906
1733409603.226259  , 0.014191150665283203 ,      332.0 ,1733409603.2600582
1733409603.2661867 , 0.015726089477539062 ,      333.0 ,1733409603.3293
1733409603.2986417 , 0.015075206756591797 ,      334.0 ,1733409603.3293
1733409603.3394911 , 0.01653003692626953  ,      335.0 ,1733409603.3903968
1733409603.3705406 , 0.014037847518920898 ,      336.0 ,1733409603.3903968
1733409603.4064813 , 0.014043807983398438 ,      337.0 ,1733409603.4622662
1733409603.4379327 , 0.014005661010742188 ,      338.0 ,1733409603.4622662
1733409603.4858124 , 0.014815092086791992 ,      339.0 ,1733409603.5317829
1733409603.517455  , 0.014703512191772461 ,      340.0 ,1733409603.5317829
1733409603.5551052 , 0.015515565872192383 ,      341.0 ,1733409603.5996659
1733409603.5885038 , 0.014118432998657227 ,      342.0 ,1733409603.5996659
1733409603.6222641 , 0.014158010482788086 ,      343.0 ,1733409603.659571
1733409603.6594102 , 0.018397092819213867 ,      344.0 ,1733409603.7197042
1733409603.6952872 , 0.01418447494506836  ,      345.0 ,1733409603.7197042
1733409603.729216  , 0.015649080276489258 ,      346.0 ,1733409603.789091
1733409603.8318217 , 0.018433809280395508 ,      347.0 ,1733409603.8576472
1733409604.6689744 , 0.014479637145996094 ,      348.0 ,1733409604.879931
1733409605.6702852 , 0.014479875564575195 ,      349.0 ,1733409605.694027
1733409605.7691257 , 0.02195596694946289  ,      350.0 ,1733409605.7759712
1733409605.831833  , 0.01477813720703125  ,      351.0 ,1733409605.844076
1733409605.891813  , 0.01844334602355957  ,      352.0 ,1733409605.9073799
1733409605.9299076 , 0.016386747360229492 ,      353.0 ,1733409605.9720829
1733409605.964475  , 0.016248226165771484 ,      354.0 ,1733409605.9720829
1733409606.0016031 , 0.016118526458740234 ,      355.0 ,1733409606.044189
1733409606.0332153 , 0.015393257141113281 ,      356.0 ,1733409606.044189
1733409606.0669076 , 0.013926267623901367 ,      357.0 ,1733409606.122598
1733409606.0990553 , 0.014533519744873047 ,      358.0 ,1733409606.122598
1733409606.1328013 , 0.01486659049987793  ,      359.0 ,1733409606.189267
1733409606.165292  , 0.013999223709106445 ,      360.0 ,1733409606.189267
1733409606.2028096 , 0.015608549118041992 ,      361.0 ,1733409606.24988
1733409606.2352571 , 0.014731645584106445 ,      362.0 ,1733409606.24988
1733409606.2688172 , 0.01453709602355957  ,      363.0 ,1733409606.3244429
1733409606.300761  , 0.01501321792602539  ,      364.0 ,1733409606.3244429
1733409606.3373778 , 0.014699459075927734 ,      365.0 ,1733409606.390431
1733409606.3719933 , 0.014834880828857422 ,      366.0 ,1733409606.390431
1733409606.409104  , 0.01496577262878418  ,      367.0 ,1733409606.462492
1733409606.4407287 , 0.014612197875976562 ,      368.0 ,1733409606.462492
1733409606.4753914 , 0.01422119140625     ,      369.0 ,1733409606.5293398
1733409606.5065966 , 0.013939142227172852 ,      370.0 ,1733409606.5293398
1733409606.5435185 , 0.015862464904785156 ,      371.0 ,1733409606.600099
1733409606.5743287 , 0.014537811279296875 ,      372.0 ,1733409606.600099
1733409606.6100013 , 0.01602768898010254  ,      373.0 ,1733409606.669052
1733409606.6445527 , 0.018135547637939453 ,      374.0 ,1733409606.669052
1733409606.679577  , 0.016180753707885742 ,      375.0 ,1733409606.7289338
1733409606.7097397 , 0.014645099639892578 ,      376.0 ,1733409606.7289338
1733409606.7436843 , 0.014310121536254883 ,      377.0 ,1733409606.797805
1733409606.775868  , 0.014840841293334961 ,      378.0 ,1733409606.797805
1733409606.8145869 , 0.01551365852355957  ,      379.0 ,1733409606.860057
1733409606.8469608 , 0.0162506103515625   ,      380.0 ,1733409606.860057
1733409606.8817234 , 0.014312267303466797 ,      381.0 ,1733409606.929761
1733409606.9159963 , 0.017108917236328125 ,      382.0 ,1733409606.929761
1733409606.9469516 , 0.01401972770690918  ,      383.0 ,1733409607.0093281
1733409606.9778452 , 0.013486385345458984 ,      384.0 ,1733409607.0093281
1733409607.0120895 , 0.015202045440673828 ,      385.0 ,1733409607.078318
1733409607.0429876 , 0.01464986801147461  ,      386.0 ,1733409607.078318
1733409607.0730386 , 0.013304948806762695 ,      387.0 ,1733409607.078318
1733409607.1048195 , 0.013451576232910156 ,      388.0 ,1733409607.1542988
1733409607.1379511 , 0.013703107833862305 ,      389.0 ,1733409607.1542988
1733409607.1709366 , 0.015205621719360352 ,      390.0 ,1733409607.2174919
1733409607.2012944 , 0.013571977615356445 ,      391.0 ,1733409607.2174919
1733409607.2329266 , 0.013607978820800781 ,      392.0 ,1733409607.288026
1733409607.268241  , 0.016756772994995117 ,      393.0 ,1733409607.288026
1733409607.2989252 , 0.015239238739013672 ,      394.0 ,1733409607.35303
1733409607.3370578 , 0.014422893524169922 ,      395.0 ,1733409607.35303
1733409607.3697915 , 0.01500391960144043  ,      396.0 ,1733409607.428961
1733409607.4022934 , 0.01360011100769043  ,      397.0 ,1733409607.428961
1733409607.4360788 , 0.01606130599975586  ,      398.0 ,1733409607.489053
1733409607.4662168 , 0.014702796936035156 ,      399.0 ,1733409607.489053
