send_time          ,time_process          ,image_count ,time_received      ,pred
1733485434.8799212 ,79.0872733592987      ,        0.0 ,1733485435.053725  ,tensor([-3.0901  -1.9814  -2.5897  -1.1855  -0.4303  -1.8620  -2.1826  -2.3587          -1.8825  -2.4625  -2.5986   9.3568  -0.5049  -0.0991  -1.0002  -2.0241          -1.9011  -0.2374  -2.5003  -1.5804  -0.8068  -1.15
1733485435.9719138 , 0.8001303672790527   ,        1.0 ,1733485436.017292  ,tensor([-2.0580  -2.8568  -1.6769  -1.8483  -2.7099   1.0809  -2.6145  -2.3456           0.3788  -2.4457  -1.3206  -0.6318  -1.8059  -1.8450  -2.5154  -2.0519          -2.5082  -0.0463  -1.8275   0.0097  -2.2501  -1.
1733485436.182594  , 0.01986217498779297  ,        2.0 ,1733485436.145716  ,tensor([-3.9827  -1.6064  -2.7091  -4.1676  -3.4374  -2.0477  -0.9786  -3.4701          -2.9027  -2.5165  10.4093  -3.3591  -3.8443  -1.4761  -1.3790   4.5333          -2.6665  -1.0603  -3.3019  -0.1213  -3.7135  -3.
1733485436.284332  , 0.016986846923828125 ,        3.0 ,1733485436.246397  ,tensor([-3.6929  -3.5660  -1.3153  -2.6733  -0.3773  -1.3938  -4.3991  -4.3411          -2.9143  -3.0569  -2.7549  -3.5869  -2.3586  -3.0918  -3.0883  -3.3641          -2.5619  -2.1150  -2.7842  -4.5800  -3.5931  -3
1733485436.3710408 , 0.017392873764038086 ,        4.0 ,1733485436.33299   ,tensor([-4.8038  -3.2740  -4.0802  -3.1695  -3.9912  -3.5811  -3.0881  -3.8351          -4.4851  -3.3114  -2.5036  -3.8316  -3.9548  -2.9569  -3.0835  -1.4578          -3.0637  -3.1110  -4.2145  -3.5626  -3.7568  -
1733485436.4532032 , 0.01726841926574707  ,        5.0 ,1733485436.415734  ,tensor([-2.9169  -3.7683  -2.0275  -2.0454  -2.9434  -0.3291  -3.1905  -2.8146          -2.3554  -2.8441  -1.8111  -0.7380  -2.0799  -2.6624  -2.6012  -2.9593          -2.6181   0.5699  -2.0111   0.1530  -2.3718  -1
1733485436.5274456 , 0.0160977840423584   ,        6.0 ,1733485436.494019  ,tensor([-2.5799  -1.0240  -2.4157  -3.2144  -3.1305  -3.0775  -2.5099  -2.6513          -2.5794  -2.8199  -2.1462  -1.9107  -1.3567  -1.5594   1.6960   0.6322           9.3636  -1.4201  -2.2043  -2.4042  -1.1142  -1.
1733485436.5974243 , 0.0162503719329834   ,        7.0 ,1733485436.574157  ,tensor([-4.2362  -2.1537  -3.2467  -2.3815  -1.6981  -3.3767  -2.0752  -2.7557          -2.2340  -3.2341  -2.6893  -4.1272  -2.2740  -3.8483  -2.2981  -1.7716          -2.7877  -2.4252  -2.8084  -1.4343  -3.9701  -2.
1733485436.674211  , 0.0200350284576416   ,        8.0 ,1733485436.652302  ,tensor([-2.5113  -2.1424  -1.9641  -1.5374  -1.7472  -0.8388  -1.2872  -1.9853          -2.4140  -2.1836  -1.3144  -0.9026  -2.5796  -2.3955  -2.0798   3.4118          -1.3335  -1.2332  -2.3576  -1.0592  -2.7885  -2.5
1733485436.7453651 , 0.015281200408935547 ,        9.0 ,1733485436.7299762 ,tensor([-1.9587e+00  -1.6297e+00  -2.3984e+00  -1.3137e+00  -2.1704e+00          -1.4752e+00  -1.5459e+00  -2.0130e+00  -1.5614e+00   1.0047e+01          -9.0986e-01  -1.4865e+00  -2.1550e+00  -1.2422e+00  -1.7018e
1733485436.8097897 , 0.015477657318115234 ,       10.0 ,1733485436.8145761 ,tensor([-1.3672  -2.5285  -1.6007  -1.7177  -1.8455  -1.9680  -1.5028  -2.1491          -1.2054   3.1260  -0.4882  -1.2968  -2.0286  -1.7287  -1.6889  -1.9051          -1.7228  -1.5370  -1.6998   5.4434  -2.1919
1733485436.8707902 , 0.015308141708374023 ,       11.0 ,1733485436.8925571 ,tensor([-2.0590  -2.1527  -2.1338  -2.5521  -3.5085  -2.7585  -1.9554  -1.1545          -4.0543  -1.9422  -2.7828  -2.4927  -3.0905  -2.5581  -3.2160  -2.8640          -0.6631  -1.2230   8.7171  -2.0883   1.6397
1733485436.9286988 , 0.015292167663574219 ,       12.0 ,1733485436.8926249 ,t
1733485436.9870694 , 0.015061140060424805 ,       13.0 ,1733485436.972288  ,tensor([-3.9388  -1.7532  -2.5875  -2.5995  -1.3801  -2.5443   8.2208  -2.4272          -1.1697  -2.3253  -0.3277  -1.7948  -2.4848  -2.5975  -3.9215   0.8885          -1.5906  -2.0942  -2.3731  -2.0086  -1.4040
1733485437.0450158 , 0.016361713409423828 ,       14.0 ,1733485437.052546  ,tensor([-2.6691   0.7408  -4.3540  -4.7395  -5.3306  -1.6014  -3.1383  -3.8102          -0.6814  -3.1864  -3.7986  -3.9294  -3.1352  -3.8543  -5.9366  -2.5175          -2.2553  -1.3863  -2.3128  -1.9964  -0.2499
1733485437.1052907 , 0.014796018600463867 ,       15.0 ,1733485437.1311202 ,tensor([-1.4787  -1.9989  -1.4278  -0.6327  -2.4292  -1.3481  -2.0302  -1.1713          -1.4212  -2.0060  -2.0182  -2.8882  -2.6227  -2.5586  -2.4956  -1.2706          -2.6087  -2.0031  -2.3091  -2.3447  -2.6827
1733485437.1638293 , 0.015351533889770508 ,       16.0 ,1733485437.131187  ,t
1733485437.2202737 , 0.014046907424926758 ,       17.0 ,1733485437.206835  ,tensor([-2.4504e+00  -2.2348e+00  -2.9260e+00  -2.2315e+00  -2.1287e+00          -2.8316e+00  -2.8069e+00  -2.2995e+00  -5.2595e-01  -2.8803e+00          -3.2204e+00  -1.0015e+00   3.7367e+00  -1.9745e+00   2.4543
1733485437.2762594 , 0.01613473892211914  ,       18.0 ,1733485437.2924402 ,tensor([-1.7537  -3.1101  -2.5561  -2.2170  -0.5014  -1.7894  -2.1349  -1.4773          -2.0390  -2.3917  -1.9955  -1.3527  -2.7336  -2.3756  -2.5758   0.6155          -2.2078  -1.9788  -2.3321  -1.9327  -2.5366  -
1733485437.3318584 , 0.014556884765625    ,       19.0 ,1733485437.369581  ,tensor([-3.8448  -3.1386  -2.6118  -1.8081  -1.6889  -1.8094  -3.4734  -2.3702          -4.3769  -1.1145  -1.7751  -1.6577  -2.1063  -1.7577   1.0627  -3.2360          -2.0328  -2.4933  -3.1054   0.7872  -3.4925  -1.
1733485437.3934252 , 0.014345645904541016 ,       20.0 ,1733485437.3696609 ,tens
1733485437.4479399 , 0.016136884689331055 ,       21.0 ,1733485437.4485838 ,tensor([-2.1063  -0.9606  -2.6457  -1.9787  -1.9999  -3.1255  -2.2385  -2.1929          -2.1882  -2.5718  -2.2997  -1.5300  -0.5286  -1.9337  -0.6140  -0.9981          10.1970  -1.5443  -0.9604  -2.3551   0.0216
1733485437.9268208 , 0.022660493850708008 ,       22.0 ,1733485437.888831  ,tensor([-4.3147  -2.4805  -2.6239  -3.9656  -2.4552  -2.3880  -0.8766  -3.4149          -2.8463  -1.5797   9.0408  -2.6050  -3.9534  -1.8757  -1.8175   1.8521          -1.9476  -1.5344  -3.1957  -0.6151  -2.7919
1733485438.2595758 , 0.01815652847290039  ,       23.0 ,1733485438.222389  ,tensor([-4.0681  -4.6508  -2.2704  -3.7434  -4.9245  -2.8640  -2.6455  -3.0898          -2.1501  -3.4701  -3.4292  -4.0487  -4.0563  -3.9727  -2.0058  -2.9467          -1.4775  -3.3747  -3.3922  -3.3207  -2.7978  -
1733485438.312967  , 0.015140533447265625 ,       24.0 ,1733485438.3263    ,tensor([-4.2041  -5.5004  -2.9861  -1.5388  -2.6098  -3.8297  -4.0097  -3.8428          -5.4985  -4.0779  -4.5969  -3.4231   0.8579  -3.9061  -3.1724  -3.5138          -2.6866  -5.3766  -2.4734  -4.0424  -3.2434  -
1733485438.3659694 , 0.015912771224975586 ,       25.0 ,1733485438.404125  ,tensor([-1.9042  -3.6322  -3.6759  -3.6408  -4.2717  -3.6331  -2.5613  -1.7878          -3.3404  -1.3675  -2.9056  -2.8815  -4.3737  -3.7528  -5.5504  -2.2533          -1.9021  -3.7266  -2.8392  -2.3956   0.2297
1733485438.420268  , 0.014984607696533203 ,       26.0 ,1733485438.4042299 ,te
1733485438.477029  , 0.015193462371826172 ,       27.0 ,1733485438.491392  ,tensor([-3.6204  -2.9131  -2.8584  -1.3652  -2.5595  -2.2006  -2.9122  -1.4292          -0.2306  -2.8026  -3.0019  -3.3539  -1.0213  -3.1189  -1.7025  -4.3568          -3.3803  -2.3625  -3.4404  -2.9063  -2.6163
1733485438.5338244 , 0.014920711517333984 ,       28.0 ,1733485438.567442  ,tensor([-3.5110  -5.1840  -0.1335  -3.8479  -5.4705  -3.3299  -2.5461  -2.1852          -4.4677  -4.0473  -4.5745  -3.8811  -3.7334  -4.2441  -2.1916  -1.8420          -0.1006  -2.5784  -3.1538  -0.1298  -2.0410
1733485438.593584  , 0.01625967025756836  ,       29.0 ,1733485438.5675771 ,ten
1733485438.6458464 , 0.013952970504760742 ,       30.0 ,1733485438.643926  ,tensor([-1.9378  -2.6488  -2.3089  -2.1709  -1.2506  -1.5311  -1.9564  -1.4211          -2.4535  -1.9441  -1.8146  -1.0033  -2.3714  -2.3297  -1.8393   1.9114          -1.7798  -1.5679  -2.3753  -1.6237  -2.6245
1733485438.698638  , 0.014393091201782227 ,       31.0 ,1733485438.7231941 ,tensor([-2.1414  -2.7621  -1.2629  -1.8039  -1.8527   0.0144  -2.3287  -2.3340           0.3612  -2.0290  -1.1932  -0.4057  -2.0982  -0.9558  -2.3325  -1.7957          -2.3288  -1.3652  -1.8443  -1.0088  -1.4549  -
1733485438.7561765 , 0.015170574188232422 ,       32.0 ,1733485438.72354   ,te
1733485438.8126752 , 0.014215946197509766 ,       33.0 ,1733485438.80076   ,tensor([-1.8106  -1.7441  -1.3906  -1.4537  -1.7361  11.7151  -1.9719  -2.0016          -0.7398  -1.2930  -1.4168  -1.4971  -1.0988  -1.3152  -1.1707  -1.1952          -2.3191  -1.2156  -1.6988  -1.0892  -2.1697
1733485438.8689926 , 0.015959501266479492 ,       34.0 ,1733485438.880529  ,tensor([-3.1235   6.1429  -0.5602  -1.1353  -2.1343  -3.4238   2.3836  -1.7717          -2.9789  -3.1813  -0.3944  -2.2481  -1.7751  -2.0681  -1.9830  -0.3293          -0.4575  -1.7970  -1.7523  -2.3093  -2.5842
1733485438.9255493 , 0.015101909637451172 ,       35.0 ,1733485439.006016  ,tensor([-3.3491  -2.4169   0.1622   3.1477  -2.8842  -3.5549  -3.0641  -1.5553          -4.9513  -3.6592  -4.3291  -2.7283   4.9613  -3.5384  -1.5742  -1.3139          -1.5567  -3.3843  -1.9968  -3.0289  -4.2489
1733485438.983641  , 0.017231225967407227 ,       36.0 ,1733485439.006201  ,te
1733485439.043388  , 0.01650071144104004  ,       37.0 ,1733485439.006379  ,tensor([ 0.7090  -0.8350  -1.5020   0.2748  -0.7
1733485439.0981646 , 0.014902591705322266 ,       38.0 ,1733485439.120225  ,tensor([-4.2318  -3.6190  -2.4262  -3.6377  -3.4505  -1.3303  -3.2297  -2.3262          -3.7362  -2.1441  -2.9859  -3.2104  -1.8013  -3.4836  -2.9859  -4.0713          -3.8795  -1.7687  -2.8067  -1.9019  -2.3152
1733485439.157224  , 0.015262126922607422 ,       39.0 ,1733485439.197925  ,tensor([-2.1889  -2.8114  -1.1090  -2.2994  -2.1218   0.4164  -2.4027  -2.8338          -1.2499  -2.7141  -1.2417  -0.8737  -1.4708  -1.6007  -2.6015  -1.8269          -2.3398  -0.6109  -1.6557  -0.3380  -1.6182  -
1733485439.212405  , 0.013906478881835938 ,       40.0 ,1733485439.1980128 ,ten
1733485439.2697484 , 0.015176773071289062 ,       41.0 ,1733485439.277654  ,tensor([-3.3042  -3.0625  -3.6117  -2.1584  -2.8306  -3.6349  -2.9364  -3.3350          -4.2677  -2.9277  -3.5407  -3.3058   0.6222  -3.1728  -3.5036  -2.8446          -2.5596  -3.8864  -2.9836  -2.8207  -2.8143
1733485439.3254213 , 0.014285802841186523 ,       42.0 ,1733485439.375356  ,tensor([-2.9289  -3.0600  -2.0727  -1.2590  -2.4121  -1.5586  -2.0127  -2.5589          -1.9910  -2.1722  -2.2670  -1.7990  -0.9386  -2.3357  -2.0868  -2.1979          -2.2074  -3.1840  -1.8663  -1.9212  -2.6759
1733485439.3795433 , 0.014604568481445312 ,       43.0 ,1733485439.375523  ,t
1733485439.433935  , 0.0144805908203125   ,       44.0 ,1733485439.453866  ,tensor([-1.6816  -2.7456   3.8496   0.2182   1.4793  -2.2241  -2.5013  -2.8110           0.1563  -3.1804  -3.5696  -2.3772  -1.9130  -3.3938  -2.6695  -1.5333          -2.7510  -2.3070  -2.7535  -2.4635  -2.1770  -1.
1733485439.4970036 , 0.015315055847167969 ,       45.0 ,1733485439.557278  ,tensor([-5.1759  -4.5302  -1.9907  -3.6035  -3.0379  -1.8005  -5.4092  -4.7209          -1.3623  -3.5471  -3.4902  -3.7648  -3.1128  -4.1806  -3.3618  -4.9963          -3.5398  -2.4190  -3.0975  -5.5057  -3.1856
1733485439.5519814 , 0.01476740837097168  ,       46.0 ,1733485439.55735   ,te
1733485439.6075122 , 0.01513528823852539  ,       47.0 ,1733485439.649757  ,tensor([-3.2146  -2.5852  -2.3324  -0.6602  11.0085  -2.0762  -2.2086  -2.3092           0.5807  -2.8011  -1.5441  -1.5022   0.2430  -1.9676   0.3772  -3.4217          -2.6158  -2.5888  -2.2110  -2.8799  -3.0937  -
1733485439.6670532 , 0.020450353622436523 ,       48.0 ,1733485439.6498759 ,te
1733485439.7190104 , 0.014662742614746094 ,       49.0 ,1733485439.75952   ,tensor([-3.0797   3.7886  -3.1162  -0.4461  -1.5334  -1.0532  -0.3331  -1.6486           1.4022  -1.6929   0.4552  -1.7142  -0.9647  -1.8445  -1.4511  -2.4937          -1.6805  -2.0390  -2.5443  -2.9827  -0.9521
1733485439.7809293 , 0.015894651412963867 ,       50.0 ,1733485439.7596512 ,t
1733485439.835415  , 0.01501917839050293  ,       51.0 ,1733485439.836949  ,tensor([-2.9343   0.2401  -1.2498  -1.6286  -1.8985  -2.6820   7.2424  -1.9575          -1.4814  -1.6704   0.8789  -1.1205  -1.8080  -2.3461  -3.2658   1.0827          -1.0307  -1.7261  -1.8111  -1.5585  -1.1466  -1
1733485439.892507  , 0.014041900634765625 ,       52.0 ,1733485439.939921  ,tensor([-2.0843  -1.8764  -1.4406  -1.6105  -2.2154  11.5318  -2.0552  -2.1191          -0.3231  -1.4366  -1.2600  -1.7237  -0.9558  -1.2830  -1.3975  -1.2452          -2.4585  -1.3875  -1.9883  -0.3414  -2.3001  -
1733485439.952991  , 0.016941070556640625 ,       53.0 ,1733485439.940037  ,ten
1733485440.007583  , 0.01594853401184082  ,       54.0 ,1733485440.016323  ,tensor([-2.7468  -2.9116  -1.5775  -2.7004  -2.8521  -0.5454  -2.6712  -3.0057          -2.9436  -1.0855   0.0158  -0.0884  -1.5668  -1.2202  -1.1933  -1.3896          -1.6658  -1.1736  -2.4091   8.8686  -3.5020  -1
1733485440.0619228 , 0.014701604843139648 ,       55.0 ,1733485440.094338  ,tensor([-2.5059  -1.8008  -1.0088  -1.4053   3.1341  -3.2497  -2.3917  -3.0803          -0.8624  -3.0500  -3.2123  -1.4965   6.6791  -1.9044   0.7693  -2.7354           0.7886  -2.4697  -2.8346  -2.7998  -2.3183
1733485440.126255  , 0.015276432037353516 ,       56.0 ,1733485440.094454  ,te
1733485440.1815562 , 0.015424013137817383 ,       57.0 ,1733485440.1721501 ,tensor([-0.7200  -1.6489  -2.6675  -0.9726  -2.1067  -1.6586  -1.7444  -2.1864          -1.3400  11.0050  -1.4184  -1.3471  -2.2317  -1.0356  -1.7107  -3.7283          -1.9340  -2.2166  -2.1296  -1.2032  -0.8340
1733485440.240998  , 0.017348051071166992 ,       58.0 ,1733485440.2492568 ,tensor([-1.7967  -1.7549  -1.7948  -1.4212  -1.8770  -1.2452  -1.3455  -1.4931           9.2968  -2.0015  -1.3989  -1.7353  -1.1447  -0.9912  -1.5853  -1.4494          -2.6119  -1.9432  -2.3761  -1.7402  -1.1163  -
1733485440.2934616 , 0.014699935913085938 ,       59.0 ,1733485440.325381  ,tensor([-2.7585  -1.7836  -2.5806  -1.5068  -1.4132  -1.4980  -1.4625  -1.1439           4.3113  -1.9620  -0.8250  -3.0576  -2.0991  -1.9415  -1.1774  -2.0742          -2.2879  -1.9941  -2.3391  -1.6843  -2.2949
1733485440.3489459 , 0.015231847763061523 ,       60.0 ,1733485440.325522  ,t
1733485440.404069  , 0.014545202255249023 ,       61.0 ,1733485440.4105191 ,tensor([-2.4696  -2.4229  -1.4267  -0.5151  -1.8067  -1.7014  -1.9100  -2.1004          -1.1783  -2.1231  -2.3755  -1.6469   0.8270  -2.1502  -2.0061  -1.7844          -1.8547  -2.8880  -1.5292  -1.5482  -2.4482  -
1733485440.4618905 , 0.01763176918029785  ,       62.0 ,1733485440.487155  ,tensor([-3.5793  -3.3314  -3.0460  -2.7418  -0.8907  -1.9504  -4.1801  -1.3989          -2.5405  -2.4640  -2.0408  -0.4531   1.1903   0.0505  12.2509  -1.0167          -0.9439  -2.8960  -3.5936  -2.7784  -3.6844  -
1733485440.5197115 , 0.015111684799194336 ,       63.0 ,1733485440.4873059 ,te
1733485440.7607114 , 0.017945289611816406 ,       64.0 ,1733485440.722839  ,tensor([-2.8335  -2.8563  -2.5289  -2.8757  -1.7144  -2.0672  -3.6158  -1.1934          -2.4068  -1.9971  -1.5464  -0.2669   0.6851   0.5730  10.0925  -0.8885           0.5002  -2.3191  -2.7098  -1.9530  -2.7652
1733485440.9000745 , 0.017377853393554688 ,       65.0 ,1733485440.8638458 ,tensor([-1.8363  -1.3417  -1.2499  -1.8600  -1.4678  -2.5102  -1.5031  -0.2440          -3.1408  -1.9338  -2.2293  -1.6605  -2.7913  -2.0833  -3.2442  -2.5724          -1.2061  -1.3618   9.9194  -2.2414   0.1614
1733485440.957618  , 0.014810323715209961 ,       66.0 ,1733485440.941015  ,tensor([-2.5512  -2.5226   0.3770  -2.7450  -2.3451  -3.3211  -3.0001  -1.7799          -1.9700  -3.7885  -3.2028  -4.4247  -2.9084  -4.5696  -3.0037  -3.5295          -2.9883  -0.7559  -2.7676  -3.7099  -0.7088  -
1733485441.0102437 , 0.015556812286376953 ,       67.0 ,1733485441.0262988 ,tensor([-4.1098  -4.0052  -3.7381   0.2241  -2.4514  -0.7856  -4.2660  -3.5211          -0.6486  -3.2549  -0.9136  -2.5108  -4.4818  -2.0391  -2.7328  -3.7730          -3.5212  -1.5848  -3.0811   1.6700  -5.2567
1733485441.0707266 , 0.014827728271484375 ,       68.0 ,1733485441.103076  ,tensor([-3.5391  -2.0407  -3.1689  -2.0523  -1.3450  -3.1079  -3.3255  -3.0002          -3.9515  -3.1779  -3.0467  -3.0986  -0.4757  -3.4830  -0.9459  -3.2579          -1.7380  -1.4830  -3.2167  -3.1950  -1.6592
1733485441.1264634 , 0.015074729919433594 ,       69.0 ,1733485441.1031601 ,t
1733485441.180299  , 0.014705657958984375 ,       70.0 ,1733485441.1803598 ,tensor([-2.1549  11.0967   1.0577  -0.8982  -1.6842  -2.9038   1.2774  -1.0101          -2.9930  -3.0995  -1.7098  -2.5412  -2.6228  -2.7623  -3.0880  -0.9689          -1.5731  -1.9971  -1.5593  -3.0963  -2.5980  -
1733485441.306608  , 0.01579117774963379  ,       71.0 ,1733485441.27159   ,tensor([-4.2808  -3.8614  -1.5385  -4.1498  -4.0217  -2.4723  -3.2169  -2.5631          -4.2691  -1.8992  -3.2008  -3.4033  -2.5355  -3.4386  -3.0420  -4.1959          -4.5990  -2.1429  -3.1620  -2.2179  -2.1378   4
1733485441.3620682 , 0.01509237289428711  ,       72.0 ,1733485441.348369  ,tensor([-4.7310  -4.3445  -3.5100  -5.7120  -5.1638  -3.9223  -4.4430  -4.4953          -3.9848  -4.7127  -3.9252  -5.9570  -2.7006  -5.5462  -4.5333  -4.6273          -3.0650  -2.1554  -4.2176  -3.4297  -1.8684
1733485441.4154994 , 0.015460729598999023 ,       73.0 ,1733485441.4243982 ,tensor([-4.8587  -3.9542  -1.8286  -2.7804  -2.5936  -1.8989  -5.7469  -4.5152          -3.0346  -4.0385  -1.9350  -4.0070  -3.6942  -3.6065  -1.9767  -4.4334          -2.7711   0.6934  -2.7608  -4.5676  -4.2135
1733485441.4708278 , 0.014929533004760742 ,       74.0 ,1733485441.5180101 ,tensor([-2.0101  -0.8827   0.4553  -0.6452  -1.8207  -1.6906  -1.8537  -1.1280          -1.3573  -1.8985  -1.8266  -2.5347  -2.4148  -2.4030  -2.6293  -1.0099          -2.1092  -2.0157  -1.6923  -2.4119  -2.3112
1733485441.5246377 , 0.01505136489868164  ,       75.0 ,1733485441.518112  ,te
1733485441.583129  , 0.016381263732910156 ,       76.0 ,1733485441.5966861 ,tensor([-1.7508  -0.8111   5.8685   4.3287  -1.6461  -1.9909  -1.9693  -1.5778          -2.4384  -2.2061  -2.3348  -2.0539   0.9456  -2.2698  -1.4187  -1.3948          -0.9039  -1.4259  -2.3217  -1.9390  -2.0299  -
1733485441.639226  , 0.014966011047363281 ,       77.0 ,1733485441.680367  ,tensor([-2.1090  -1.8618  -1.3951  -0.6328   9.3680  -1.2358  -1.5901  -2.0439          -0.9201  -2.1034  -1.6208  -0.5963   2.1934  -1.2481  -0.0887  -2.1475          -2.0115  -1.9043  -1.9438  -2.2135  -2.2743  -
1733485441.6923459 , 0.017156124114990234 ,       78.0 ,1733485441.6804721 ,te
1733485441.7460234 , 0.015472650527954102 ,       79.0 ,1733485441.7590332 ,tensor([-3.3301  -3.6230  -2.3228  -3.0558  -2.3520  -2.2293  -3.7854  -1.4106          -2.3153  -2.1063  -2.1512  -0.7960  -0.1163  -0.7383  10.1611  -1.7410          -0.1934  -2.3528  -3.0461  -2.4448  -2.8677
1733485441.8019388 , 0.014672040939331055 ,       80.0 ,1733485441.836046  ,tensor([-1.8167  -3.6296  -2.7334  -1.0345  -3.9159  -3.8010  -3.2042  -4.3425          -2.5272  -3.9011  -4.4624  -2.0648  11.3563  -2.2157  -0.3582  -2.4047           2.7993  -2.6759  -4.0643  -1.9932  -2.4033
1733485441.855077  , 0.01450490951538086  ,       81.0 ,1733485441.836156  ,ten
1733485441.9135714 , 0.014978408813476562 ,       82.0 ,1733485441.912982  ,tensor([-2.6414  -2.3121  -3.2178  -1.7274  -2.2363  -3.5872  -3.0972  -3.4900          -2.9949  -3.5378  -3.6962  -3.6739   5.7447  -3.5994  -1.0503  -2.5765          -0.3989  -2.0469  -3.4362  -3.2088  -3.3681
1733485441.9683106 , 0.014982461929321289 ,       83.0 ,1733485441.999243  ,tensor([-3.2138  -1.0683  -2.2258  -1.3245  -2.1414  -2.2086  -1.5345  -1.5473          -1.8051  -2.1244  -1.8767  -3.0777  -2.0067  -2.7811  -1.8868  -1.8860          -1.9921  -1.2032  -2.1636  -1.5798  -2.7388
1733485442.02939   , 0.015193939208984375 ,       84.0 ,1733485441.999365  ,ten
1733485442.0853665 , 0.01500391960144043  ,       85.0 ,1733485442.0779579 ,tensor([-3.2858  -2.8393  -2.9991  -2.9892  -2.9197  -1.3596  -2.5790  -2.8690           0.1609  -1.8992  -0.6417  -3.5720  -0.8367  -2.9716  -2.1485  -4.2369          -2.5778  -1.7183  -2.4681  -0.9394  -2.7621  -
1733485442.1436813 , 0.016186237335205078 ,       86.0 ,1733485442.154407  ,tensor([-2.7764  -1.1729  -1.7997  -1.4102  -4.2231  -2.8350  -2.7527  -2.1495          -1.9629  -2.8498  -2.6902  -3.9137  -3.6511  -3.2451  -4.3851  -2.2234          -3.2151  -3.2482  -2.9594  -3.3647  -3.4026
1733485442.1962519 , 0.014834880828857422 ,       87.0 ,1733485442.255841  ,tensor([-1.2190  -1.8304  -1.5056  -1.9554  -1.5930  -1.6688  -1.8476  -1.5686          11.9933  -1.9514  -1.6447  -1.3297  -0.6848  -1.0001  -1.7244  -1.8308          -2.5251  -2.1526  -2.6531  -2.1425  -0.5739
1733485442.252993  , 0.015068531036376953 ,       88.0 ,1733485442.255975  ,te
1733485442.3039236 , 0.019115447998046875 ,       89.0 ,1733485442.3331451 ,tensor([-3.4229  -1.9632  -1.7113  -3.2416  -2.9939  -1.1088   0.7890  -2.7986          -3.2493  -3.5458  -0.3836  -2.5865  -3.6425  -3.1696  -3.3490   8.4113          -1.4871  -2.2753  -3.5355  -0.6318  -3.3580
1733485442.4179795 , 0.018367767333984375 ,       90.0 ,1733485442.4093661 ,tensor([-3.6329  -3.1718  -4.2214  -2.5597  -2.9667  -4.1047  -2.7286  -3.1988          -5.1381  -3.3815  -3.4726  -3.6442  -1.9269  -3.5740  -2.0989  -2.4735          -0.7335  -2.8219  -2.3581  -3.3978  -2.1758
1733485442.4781768 , 0.01725029945373535  ,       91.0 ,1733485442.487314  ,tensor([-1.7614  -3.4444  -3.1464  -1.2059  -2.0185  -3.5332  -3.4955  -4.2543          -0.7609  -4.1385  -4.1665  -1.6941  14.7806  -3.1907   0.6917  -3.1827          -1.0292  -2.7864  -4.3578  -2.2372  -3.7400  -
1733485442.536608  , 0.018286466598510742 ,       92.0 ,1733485442.563898  ,tensor([-3.3681  -3.8201  -3.7903  -2.5233  -2.4415  -2.3095  -2.3796  -2.5399          -3.3751  -2.6421  -2.3557  -1.9575  -3.8089  -3.0592  -3.8916   0.4706          -2.0131  -2.6022  -3.2923  -1.5190  -3.6326  -
1733485442.602525  , 0.018082380294799805 ,       93.0 ,1733485442.640654  ,tensor([-3.9260  -4.8415  -2.1216  -4.1820  -6.0467  -3.9061  -3.1239  -2.9796          -4.5149  -3.7274  -4.3663  -4.0748  -4.8386  -4.2172  -0.5726  -2.6333           0.4488  -3.0894  -3.6327  -2.5606  -1.7695  -
1733485442.6668618 , 0.02060699462890625  ,       94.0 ,1733485442.640782  ,ten
1733485442.7202268 , 0.014443159103393555 ,       95.0 ,1733485442.7338262 ,tensor([-1.7705  -1.5171  -2.1541  -1.4076  -1.6036  -1.9729   0.0241  -1.7671          -1.7552   9.3658  -0.7028  -1.2278  -2.1462  -1.3965  -1.7638  -2.9354          -1.9782  -2.0977  -1.7649  -0.9066  -0.7520
1733485442.778756  , 0.015279531478881836 ,       96.0 ,1733485442.811046  ,tensor([-5.3066  -7.7638  -1.2665  -6.4105  -9.5870  -5.7568  -4.6855  -3.0992          -6.7669  -6.0193  -7.0193  -6.5636  -5.8271  -6.7889  -7.0367  -4.3574          -0.5108  -3.5468  -2.9965  -3.0347   0.9861  -
1733485442.8364658 , 0.014930248260498047 ,       97.0 ,1733485442.811161  ,te
1733485442.8972793 , 0.014653205871582031 ,       98.0 ,1733485442.889236  ,tensor([-1.8727   0.1935  -4.5065  -3.1152  -4.3431  -2.9587  -3.1344  -3.3591          -3.3763  -3.7475  -3.6992  -3.8900   0.7255  -3.4414  -3.8427  -2.5144          -1.4622  -1.4460  -2.1796  -2.4677  -1.6670
1733485442.9573576 , 0.0167996883392334   ,       99.0 ,1733485442.968129  ,tensor([-3.1801  -1.6811   0.4527  11.8198  -0.0626  -3.1944  -2.6162  -3.2513          -2.1019  -2.6828  -3.5352  -1.2473   0.9354  -2.3935  -2.3645  -3.3442          -2.1793  -1.1422  -3.3466  -2.6063  -2.9534  -0
1733485443.0124383 , 0.014553308486938477 ,      100.0 ,1733485443.062422  ,tensor([-1.6710  -1.9029  -1.3138  -1.7768  -2.3734  -1.5377  -0.6671  -2.1023          -1.2326  -0.9240  -1.7689  -1.2853  -2.2940  -2.3903  -2.2438   3.7930          -1.7673  -1.9145  -2.4455   0.9002  -3.1099
1733485443.06703   , 0.014924049377441406 ,      101.0 ,1733485443.062531  ,t
1733485443.121812  , 0.014641284942626953 ,      102.0 ,1733485443.138792  ,tensor([-2.6823  -0.3059  -1.6508  -1.7401  -1.7357  -2.4218   7.9062  -1.9551          -1.2946  -1.9664  -0.9872  -1.4328  -1.7395  -2.7612  -3.1817   0.7872          -1.0409  -1.8729  -1.8016  -1.3345  -1.4129
1733485443.1746151 , 0.014661550521850586 ,      103.0 ,1733485443.138874  ,
1733485443.2270892 , 0.014886617660522461 ,      104.0 ,1733485443.2179    ,tensor([-3.6493  -2.9832  -3.9790  -1.8553  -3.4852  -4.4837  -3.2984  -3.8779          -4.6928  -3.5232  -4.0095  -3.8498   1.3317  -3.3944  -3.9613  -3.3806          -1.9330  -3.1534  -3.0024  -3.0378  -3.3351
1733485443.288838  , 0.018598318099975586 ,      105.0 ,1733485443.296837  ,tensor([-2.2895  -0.7558  -0.5178   9.0757  -1.5305  -2.4632  -1.8206  -2.3074          -1.2463  -2.5380  -2.7108  -1.9583  -0.4681  -2.2951  -2.8430  -2.2747          -1.8554  -1.4135  -2.0805  -2.4360  -2.8389
1733485443.3430946 , 0.0181577205657959   ,      106.0 ,1733485443.374989  ,tensor([-2.1116   3.1533  -3.6369  -4.2432  -4.2234  -1.4415  -2.2063  -3.4071           0.3825  -2.5818  -2.1701  -3.6919  -2.9776  -3.3618  -4.3743  -2.5519          -1.9284  -1.4854  -2.5926  -1.5945  -1.8930  -
1733485444.1350036 , 0.012600421905517578 ,      107.0 ,1733485444.097327  ,tensor([-0.7662  -1.1788  -2.5452  -2.1321  -2.7966  -2.6597  -1.6484  -0.6798          -1.1250  -0.9869  -2.2331  -2.2855  -3.0406  -2.6375  -4.5079  -1.7756          -2.6644  -3.0112  -1.4036  -2.1310  -0.0737
1733485444.2407775 , 0.019704580307006836 ,      108.0 ,1733485444.203325  ,tensor([-1.8967  -2.0424  -2.0340  -1.7883  -1.1147  -1.4002  -1.0188  -2.2846          -1.6540  -2.2334  -1.8813  -1.3775  -2.5871  -2.3363  -2.2379   4.6649          -1.6411  -1.4664  -2.8503  -0.8365  -2.9154
1733485444.3475273 , 0.016234159469604492 ,      109.0 ,1733485444.310097  ,tensor([11.6793  -2.0849  -1.5868  -1.6067  -0.6367  -2.0877  -2.0335  -0.9627          -1.4612  -1.4972  -2.4734  -1.4375   0.6229  -1.4067  -1.2759  -1.1486          -1.5667  -0.9020  -1.1285  -0.8729  -1.4474
1733485444.4493053 , 0.017809629440307617 ,      110.0 ,1733485444.411974  ,tensor([-2.3611  -2.4664  -1.5292  -1.8108  -1.0528  -0.2035  -2.2291  -2.3873          -2.9157  -1.3665  -0.5347   0.3876  -1.6999  -0.7851  -1.3328  -1.5046          -1.6774  -0.2215  -2.2015   6.2596  -3.0385
1733485444.5531964 , 0.016057491302490234 ,      111.0 ,1733485444.51564   ,tensor([-4.2065  -4.2654  -2.7768  -3.0971  -2.7613  -2.1129  -3.6778  -3.3842          -4.8014  -2.7758  -3.4366  -3.1466  -3.7406  -3.5866  -2.5252  -2.9779          -2.8822  -3.2629  -3.2162  -4.3324  -3.9970
1733485444.6461995 , 0.01867842674255371  ,      112.0 ,1733485444.608514  ,tensor([-2.3419   0.2118  -2.2454  -2.7449  -2.9538  -2.7090  -1.6175  -2.1910          -2.3373  -2.4222  -2.5562  -2.2009  -1.3871  -2.4215  -2.0496  -0.6130           7.4388  -1.7533  -1.6741  -2.1423  -0.2834
1733485444.7274253 , 0.014044046401977539 ,      113.0 ,1733485444.690845  ,tensor([-0.6923  -2.0465  -1.7663  -1.0855  -2.5387  -2.1466  -1.3598  -1.1783          -1.3172  -1.6091  -1.8513  -0.5053  -2.0792  -2.3341  -2.2826  -2.4807          -1.9648   5.2836   0.1896  -1.3140   1.5569
1733485444.806718  , 0.015098094940185547 ,      114.0 ,1733485444.769015  ,tensor([-3.7852  -4.9159  -1.9958  -2.8227  -5.8269  -2.3369  -2.8900  -3.0364          -4.2456  -4.2633  -4.0516  -3.8394  -2.2128  -4.5153  -3.5758  -0.5699          -0.7741  -2.4830  -3.5256   0.2938  -2.7589
1733485444.8826225 , 0.01846170425415039  ,      115.0 ,1733485444.8467278 ,tensor([-4.1672  -6.3306  -3.1497  -4.4252  -7.2282  -4.7676  -3.5279  -3.2825          -4.7053  -5.0871  -5.0775  -5.1793  -4.3190  -5.5315  -5.1565  -2.9868           0.2376  -3.4101  -2.6032  -1.8138   0.3877
1733485444.9566553 , 0.017279386520385742 ,      116.0 ,1733485444.9246001 ,tensor([-0.4224  -4.4733  -2.0359  -4.6467  -6.4777  -3.2584  -3.1819  -0.5028          -2.0062  -2.5579  -4.3330  -4.0693  -3.1062  -4.1810  -6.2204  -3.8114          -4.1694  -2.0761  -3.0665  -1.9293  -0.0474
1733485445.025119  , 0.015872478485107422 ,      117.0 ,1733485445.0014322 ,tensor([-1.4858  -2.1086  -1.9947  -0.7214  -0.0160  -1.7724  -1.7428  -1.6905          -0.4317  -2.0210  -2.2915  -1.7841  -0.3284  -2.1769  -1.6840  -2.2924          -2.6066  -1.0821  -0.1792  -1.2680  -1.5315
1733485445.098788  , 0.01590895652770996  ,      118.0 ,1733485445.08016   ,tensor([-2.4778  -1.1978  -2.5122  -2.0460  -2.6021  -3.5298  -2.3456  -2.4629          -2.4602  -2.7590  -2.8025  -2.0220  -0.5025  -2.2161  -0.3624  -1.0463          11.3474  -1.9094  -1.7026  -2.5608  -0.4928  -
1733485445.1747527 , 0.018873214721679688 ,      119.0 ,1733485445.159075  ,tensor([-1.9323  -1.7113  -0.8441  -1.6591  -0.8516  -2.3236  -0.8723  -1.6922          -2.4713   0.5015  -1.8603  -0.7709  -2.0756  -2.0888  -2.3501  -0.7006          -0.8825  -3.0219  -1.0893  -1.4676   0.1875
1733485445.2489567 , 0.018451452255249023 ,      120.0 ,1733485445.237996  ,tensor([-1.9698  -3.8001  -1.8347  -0.9148  -2.1674  -2.0507  -2.5120  -3.7201          -0.1527  -3.4710  -3.7752  -2.0490   9.8731  -2.2925  -0.6599  -2.7745          -0.8049  -2.5478  -3.3198  -0.7594  -3.0492
1733485445.3166523 , 0.01772904396057129  ,      121.0 ,1733485445.315264  ,tensor([-3.5631  -5.0142  -3.5895  -3.8485  -5.5557  -3.8962  -3.0867  -2.9880          -5.5799  -4.4555  -4.4148  -4.0754  -4.7825  -4.6203  -3.9970  -2.7632          -1.9064  -2.7624  -2.5402  -1.5387  -1.6972
1733485445.382277  , 0.016837358474731445 ,      122.0 ,1733485445.3913238 ,tensor([-4.3570  -3.6800  -3.8701  -2.3537  -3.4760  -3.3575  -3.5378  -2.3078           0.2450  -3.8406  -2.8071  -4.4848  -1.5622  -4.3828  -1.2407  -4.2530          -3.1319  -1.7210  -4.0806  -3.1984  -2.7983
1733485445.4516273 , 0.017673492431640625 ,      123.0 ,1733485445.490108  ,tensor([-2.9787  -1.7642  -1.4801  -2.1833   1.0966  -2.0236  -0.9451  -2.1302          -1.9176  -3.1429  -2.0324  -2.3530  -2.4225  -2.9640  -2.1482   4.2194          -2.0733  -1.8453  -2.6205  -1.9900  -3.5507
1733485445.5873344 , 0.015753746032714844 ,      125.0 ,1733485445.57232   ,tensor([-1.9718  -2.6599  -0.9837  -3.7055  -3.6000  -3.8592  -2.0386  -2.1044          -0.4294  -0.8239  -2.9370  -1.5772  -3.0562  -2.1819  -2.5707  -3.4017          -1.7630  -1.6180   1.0471  -4.9117  13.1933
1733485445.6526132 , 0.01765751838684082  ,      126.0 ,1733485445.6494489 ,tensor([-1.7459  -2.8126  -1.7503  -1.9989  -2.2102  -0.7927  -1.8106  -1.8354          -1.7921  -2.1840  -1.6267  -1.3719  -2.7281  -2.2660  -2.5061   2.2902          -2.0576  -1.6169  -2.3178  -0.1235  -2.9911
1733485445.709455  , 0.014428853988647461 ,      127.0 ,1733485445.728229  ,tensor([-1.6919  -1.8134  -0.0202   1.2848  -3.4280  -3.0401  -2.7798  -2.4181          -2.9630  -3.3819  -2.8362  -2.7037   4.1330  -3.2197  -2.8659  -3.2715          -2.3025  -2.7915  -2.9465  -3.1379  -2.1665
1733485445.7724962 , 0.01588296890258789  ,      128.0 ,1733485445.806574  ,tensor([-2.2097  -4.2448  -2.0447  -4.3728  -4.8412  -2.7965  -3.1557  -2.6914          -3.0283  -3.3978  -4.2773  -4.2300  -2.3765  -4.2479  -2.7799  -3.6292          -1.7553  -2.3839  -3.4579  -2.4847   0.8088
1733485445.8306806 , 0.01497340202331543  ,      129.0 ,1733485445.8067431 ,t
1733485445.8902895 , 0.015016794204711914 ,      130.0 ,1733485445.8837361 ,tensor([-2.4840  -1.9867  -1.4912  -2.1135  -2.5316  12.7851  -2.2813  -2.7176          -0.6770  -1.7685  -0.5789  -2.1742  -0.5673  -1.6945  -0.7664  -1.6663          -2.7493  -1.2484  -2.5025  -0.2903  -2.7484
1733485445.9488025 , 0.017113208770751953 ,      131.0 ,1733485445.959554  ,tensor([-4.4983  -4.5947  -3.6562  -2.5462  -1.8458  -2.7625  -3.6062  -3.4154          -5.8118  -3.1191  -2.9692  -3.3308  -2.7733  -1.5399  -1.2253  -2.6636          -2.8830  -4.0789  -3.0063  -4.2989  -4.8547
1733485446.0077264 , 0.013986587524414062 ,      132.0 ,1733485446.036878  ,tensor([-2.1169   7.6017   2.0001  -1.5801  -0.9939  -2.0898  -0.4511  -1.6920          -1.3560  -2.4625  -1.5548  -2.5777  -2.4902  -2.3786  -2.9302  -0.2541          -0.5844  -1.8982  -1.5641  -2.5069  -1.5267
1733485446.061221  , 0.01492929458618164  ,      133.0 ,1733485446.036944  ,t
1733485446.1214871 , 0.014638900756835938 ,      134.0 ,1733485446.113695  ,tensor([-3.8986  -4.3133  -1.7464  -3.4384  -4.3324  -2.7754  -2.1485  -2.9476          -3.2084  -3.1452  -2.6961  -3.6221  -4.1989  -3.4714  -0.1442  -1.6850          -2.2347  -3.2954  -3.0967  -2.5791  -2.8600
1733485446.1782708 , 0.015513420104980469 ,      135.0 ,1733485446.191869  ,tensor([-2.8114  -1.9391  -2.7107  -1.1073  -0.7759  -1.7227  -2.0307  -2.5565          -1.0498  -1.8029  -2.3278   8.4437  -0.4349  -0.2387  -1.1961  -2.2844          -1.4742  -0.3976  -2.0014  -1.6798  -0.6628
1733485446.2377303 , 0.014322280883789062 ,      136.0 ,1733485446.269001  ,tensor([-4.7296  -3.7940  -2.9806  -6.0930  -6.6634  -2.7690  -4.6213  -3.1140          -3.5444  -2.4509  -4.2024  -4.5588  -4.6311  -4.2596  -4.6799  -4.8267          -5.3827  -3.4814  -2.6164  -2.2552   0.1043
1733485446.365664  , 0.015119552612304688 ,      138.0 ,1733485446.345398  ,tensor([-1.9474  -1.7409  -1.3092  -1.7407  -2.0864   8.3046  -1.6792  -1.8616          -1.3837  -1.1246  -1.1989  -1.5241  -1.6257  -1.4618  -1.4543   0.1756          -2.1579  -1.5007  -1.9066  -0.7632  -2.3140
1733485446.4202075 , 0.015220165252685547 ,      139.0 ,1733485446.423     ,tensor([-3.7435e+00  -4.5857e+00  -2.6844e+00  -4.5275e+00  -5.8961e+00          -3.4691e+00  -2.7631e+00  -3.7921e+00  -5.6665e+00  -3.9404e+00          -4.3346e+00  -4.2535e+00  -5.1304e+00  -4.4537e+00  -4.157
1733485446.483072  , 0.01490640640258789  ,      140.0 ,1733485446.499819  ,tensor([-1.0540  -2.0120   0.1923  -0.3054  -2.5052  -1.6895  -1.9990   1.5384          -2.7095  -2.4295  -2.6085  -2.5062  -2.5914  -2.3626  -1.6211  -1.3049          -2.2564  -1.5834  -1.4263  -2.2083  -2.2373  -
1733485446.5406046 , 0.014827251434326172 ,      141.0 ,1733485446.57824   ,tensor([-1.9577  -2.3943  -2.9726  -1.1494  -0.3924  -1.8592  -1.9731  -1.6655          -2.6790  -1.8888  -1.6373   3.8322  -1.4911   0.1771  -0.6536  -0.5409          -1.1783  -0.9560  -1.5081  -0.8639  -1.4238
1733485446.6627007 , 0.018374204635620117 ,      143.0 ,1733485446.655315  ,tensor([-1.6493  -3.0670  -1.0689  -0.5988  -2.4767  -2.2261  -1.8786  -2.6851           0.8518  -2.5065  -2.9223  -1.6499   6.2166  -1.7691  -1.5383  -1.7285          -1.4860  -2.4700  -2.4315  -0.0411  -2.4720
1733485446.7193146 , 0.016400814056396484 ,      144.0 ,1733485446.7323189 ,tensor([-1.5272  -1.6651  -0.2832  -1.2733  -1.7464  -2.1280  -1.8390   8.6272          -0.8986  -1.9941  -2.5048  -1.9971  -1.6453  -1.8400  -0.3547  -1.8562          -2.3399  -1.1004  -1.7371  -1.9936  -2.2621
1733485446.7774513 , 0.014920949935913086 ,      145.0 ,1733485446.809985  ,tensor([-4.4359  -2.3156  -3.3254  -2.9830  -2.8634  -2.9287  -2.9858  -3.9422          -2.3972  -3.0362  -4.6270  -2.5736   0.3228  -1.2219  -2.8260  -3.7619          -0.5691  -2.9536  -3.9399  -2.8317  -2.3561
1733485446.892541  , 0.01606273651123047  ,      147.0 ,1733485446.888649  ,tensor([-3.1243  -3.2066  -1.6171  -2.4085  -3.7277   3.7062  -2.9396  -3.0432          -4.0550  -1.9344  -1.4756  -1.1082  -2.6850  -2.1500  -2.4231  -1.1556          -2.3465  -1.1531  -2.4656   5.4784  -3.5728  -
1733485446.9512732 , 0.016184329986572266 ,      148.0 ,1733485446.968682  ,tensor([-3.0832  -1.9373  -2.4531  -1.1792  -0.3783  -1.6145  -2.0760  -2.4080          -1.1653  -2.3734  -2.5688   8.9771  -0.4535  -0.3578  -1.1655  -2.0706          -1.9260  -0.1334  -2.2954  -1.2890  -0.8273
1733485447.0107806 , 0.01725459098815918  ,      149.0 ,1733485447.080466  ,tensor([-2.3102  -1.5294  -1.3095  -1.6746  -1.6615  -2.7920  -1.7348  -0.0573          -3.8921  -1.9215  -2.4334  -1.8554  -2.6405  -2.2921  -2.9297  -2.9024          -1.5900  -0.7005   9.5885  -2.1538  -0.3463
1733485447.0664365 , 0.014411449432373047 ,      150.0 ,1733485447.0806458 ,
1733485447.1227539 , 0.016089439392089844 ,      151.0 ,1733485447.15829   ,tensor([-3.0790  -0.7149   5.7050  -0.6912  -2.4708  -2.6137  -2.0553  -0.7742          -3.5761  -2.9093  -2.7175  -2.7856  -1.9872  -2.9916  -1.4610   0.4698          -2.3005  -1.4507  -2.5101  -1.2806  -3.5179
1733485447.2382457 , 0.015047073364257812 ,      153.0 ,1733485447.23524   ,tensor([-2.7238  -1.9017  -4.2304  -3.5001  -4.5249  -2.8737  -4.4193  -2.7549          -1.3413  -2.2866   0.0382  -0.9630  -1.7752  13.8167   0.7562  -1.7830          -2.5658  -4.3684  -3.2726  -2.9995  -3.1280
1733485447.301329  , 0.01937413215637207  ,      154.0 ,1733485447.313143  ,tensor([-2.3577  -3.1157  -0.8995  -2.2034  -2.0078  -1.3488  -1.7355  -2.5752          -0.3188  -0.4023  -1.2023  -1.5870  -1.5086  -2.0964  -2.1773  -1.7088          -1.8915  -1.9507  -2.3816   8.7952  -3.2299  -
1733485447.3615232 , 0.015150308609008789 ,      155.0 ,1733485447.390433  ,tensor([-1.7154  -1.6226  10.6840  -1.3740  -2.4692  -2.3033  -2.1581  -0.1320          -3.0465  -2.6843  -3.0232  -2.9572  -2.9695  -2.8407  -1.4465  -1.5132          -1.1994  -1.2497  -2.6867  -2.2169  -0.7596
1733485447.4810636 , 0.01529550552368164  ,      157.0 ,1733485447.468241  ,tensor([-2.6095  -1.2905  -0.1328   7.3789  -1.5463  -1.7974  -1.7527  -2.2877           2.1412  -2.3208  -2.8067  -0.5245   1.7496  -1.6702  -2.4716  -2.0692          -1.9113  -1.2950  -2.8829  -1.8020  -2.0469
1733485447.5392432 , 0.01632213592529297  ,      158.0 ,1733485447.5446908 ,tensor([ 1.1723  -1.8871  -1.0127  -1.7967  -3.3564  -2.1868  -1.3466  -0.9225          -3.2325   0.5604  -2.6485  -2.0969  -2.3927  -2.3794  -3.6036  -2.1666          -3.5029  -2.7201  -1.3083  -1.0804  -0.5026
1733485447.593254  , 0.014810323715209961 ,      159.0 ,1733485447.620318  ,tensor([-2.1245  -2.4057  -2.2218  -1.5142  -0.7801  -1.8333  -1.3176  -1.3799          -1.0620  -2.2669  -1.2929  -1.5140  -2.9728  -2.3571  -2.4185   2.1896          -1.9863  -2.1159  -2.3185  -1.4480  -2.8699
1733485447.661845  , 0.017976045608520508 ,      160.0 ,1733485447.6964722 ,tensor([-2.7711   5.1437  -2.6013  -0.4715  -1.6286  -2.7906   4.0512  -1.9089          -1.5198  -2.2719  -1.2162  -1.9874  -2.0532  -2.7416  -2.9512  -1.3234          -1.1053  -2.1119  -2.1013  -2.5593  -2.2393
1733485447.7196727 , 0.01475834846496582  ,      161.0 ,1733485447.696555  ,t
1733485447.7784927 , 0.014599084854125977 ,      162.0 ,1733485447.772518  ,tensor([-2.6563  -3.1804  -1.7517  -1.5509  -2.2079  -0.6773  -2.6908  -2.5034          -0.9385  -2.7599  -1.6164  -0.0581  -1.9447  -1.9540  -1.2737  -1.9557          -2.5596  -0.1675  -1.9704  -1.4173  -1.6063
1733485447.835509  , 0.015486478805541992 ,      163.0 ,1733485447.8492851 ,tensor([-3.0898  -3.1063  -2.6119  -2.7168  -0.5088  -1.7772  -3.8263  -1.4267          -2.3129  -2.1134  -2.3622  -0.2931   1.3155  -0.6760  10.4926  -0.8464          -0.2534  -2.3896  -3.2703  -2.4633  -3.1568
1733485447.895144  , 0.01514887809753418  ,      164.0 ,1733485447.928173  ,tensor([-1.2200   3.3446  -3.3515  -3.3697  -3.4991  -1.2239  -1.9690  -2.8634           0.0530  -2.0407  -2.4489  -2.9927  -2.1390  -2.6908  -4.4084  -1.9401          -1.8355  -1.4340  -2.0143  -1.9375  -1.2675  -
1733485447.9510694 , 0.014743328094482422 ,      165.0 ,1733485447.928262  ,t
1733485448.0097864 , 0.015813827514648438 ,      166.0 ,1733485448.006443  ,tensor([-2.7462  -2.1525  -1.0722  -0.2750  10.2502  -2.8959  -2.3477  -2.6051          -2.5951  -2.3105  -1.9920  -1.9825   1.2988  -1.8202  -0.8933  -3.3070          -2.5169  -2.0214  -2.1963  -3.2117  -2.5915
1733485448.065416  , 0.014305353164672852 ,      167.0 ,1733485448.105799  ,tensor([-1.6943  -1.4209   9.8228  -0.3515  -1.9831  -1.8680  -1.7411   0.2180          -2.0270  -2.2814  -2.4961  -2.2507  -2.7541  -2.3464  -1.7874  -1.3813          -1.2460  -2.0062  -2.2690  -2.4212  -0.9547
1733485448.1219985 , 0.01489710807800293  ,      168.0 ,1733485448.1973948 ,tensor([-2.3340  -0.7582  -1.9223  -2.3286  -1.4442  -1.6759  -1.6017  -1.8829           9.1305  -2.1430   0.9327  -2.1275  -1.1602  -1.0809  -1.0603  -1.0777          -2.6499  -1.7956  -2.7301  -0.3173  -2.1845
1733485448.1758595 , 0.014836311340332031 ,      169.0 ,1733485448.197521  ,
1733485448.2333326 , 0.014241695404052734 ,      170.0 ,1733485448.279168  ,tensor([-4.1689  -1.1229  -2.2154  -2.6706  -2.3021  -3.4284  10.1485  -2.9849          -1.4974  -2.5689   0.1090  -1.7379  -1.9309  -3.2526  -4.0362   0.8209          -1.5079  -2.3347  -2.3834  -1.7999  -1.4815
1733485448.3442755 , 0.016202926635742188 ,      172.0 ,1733485448.356075  ,tensor([-2.7707  -3.4403  -1.5967  -0.6627  -2.1242  -2.4038  -2.3338  -2.8525          -2.9399  -2.3294  -2.8206  -2.2417   1.8099  -2.5224  -2.2850  -2.4374          -1.9646  -3.5692  -0.7216  -1.3462  -2.8687
1733485448.4026394 , 0.01530599594116211  ,      173.0 ,1733485448.4333599 ,tensor([14.0691  -1.7313  -1.1885  -1.6049  -0.7930  -2.0019  -2.2084  -1.0485          -1.5324  -1.2107  -2.4260  -1.1174  -0.7310  -1.1596  -1.2390  -1.0284          -1.4077  -0.6728  -1.3697  -0.7713  -1.0218
1733485448.459396  , 0.015035152435302734 ,      174.0 ,1733485448.4334762 ,t
1733485448.517692  , 0.015016555786132812 ,      175.0 ,1733485448.511156  ,tensor([-1.8498  -1.4343  -1.0524   0.2286  -1.5344  -0.9147  -1.2346  -1.0961           8.5101  -1.6321  -1.3200  -1.3532  -0.4376  -0.8812  -1.3584  -1.3299          -2.0494  -1.7241  -2.1236  -0.8223  -1.4065
1733485448.5764728 , 0.016028165817260742 ,      176.0 ,1733485448.587677  ,tensor([-2.2709  -1.7684  -1.4127  -1.8224  -2.6781  -2.0235  -2.0677  -1.7941          -1.2812  -2.1895  -1.9804  -2.8163  -2.2413  -2.5020  -3.1615  -1.5085          -2.2469  -2.0941  -2.2756  -2.6259  -1.7556
1733485448.6315556 , 0.01491093635559082  ,      177.0 ,1733485448.6649559 ,tensor([-3.7263  -1.1486  -2.3273  -2.1143  -1.7430  -2.6086   9.5449  -2.0673          -1.3756  -1.8667  -0.5559  -1.9989  -2.0887  -3.0588  -3.5467   0.2519          -1.6470  -2.1658  -2.3410  -1.7665  -1.9111
1733485448.6856375 , 0.017882108688354492 ,      178.0 ,1733485448.6651258 ,
1733485448.7419713 , 0.014797687530517578 ,      179.0 ,1733485448.742356  ,tensor([-1.6888  -1.8332  -2.6338  -1.5521  -1.4211  -2.1867  -0.5694  -1.8934          -2.1103   9.2363  -0.8903  -1.3248  -2.1881  -1.6761  -1.5028  -2.7245          -2.1446  -2.5678  -2.0000  -0.8309  -1.1005
1733485448.7984803 , 0.014605522155761719 ,      180.0 ,1733485448.81928   ,tensor([-4.1342  -4.8114  -2.3532  -4.0724  -4.2706   0.8961  -5.1118  -4.6398          -4.6608  -3.2271  -3.6065  -3.7816  -3.2439  -4.0840  -3.6836  -3.7699          -2.9032  -2.0031  -3.1769  -3.9794  -3.9494
1733485448.9083831 , 0.015006065368652344 ,      182.0 ,1733485448.897233  ,tensor([-4.3804  -3.4725  -2.4502  -3.7413  -3.4357  -1.3646  -3.5839  -2.6260          -3.0955  -1.2634  -2.5489  -3.4093  -2.4562  -3.5424  -2.5874  -3.8392          -3.9858  -2.3827  -2.7673  -1.8046  -2.2079
1733485448.9684258 , 0.015932083129882812 ,      183.0 ,1733485448.974112  ,tensor([-1.6599  -1.4811  -1.4228  -1.3809  -1.8209  -0.2906  -0.7062  -2.0467          -1.9265  -1.2999  -1.1360  -1.7027  -1.8847  -2.1982  -1.7499   1.8723          -0.7271  -1.7414  -2.2362  -1.7631  -1.7124
1733485449.0270207 , 0.015199661254882812 ,      184.0 ,1733485449.054803  ,tensor([-3.4439  -3.9502  -2.6587  -2.6415  -2.3454  -2.1039  -3.4311  -3.0912          -4.1257  -2.4908  -2.9244  -3.0178  -3.3917  -2.9959  -2.9774  -2.8950          -2.9110  -2.7820  -3.0557  -3.8674  -3.8055
1733485449.1438398 , 0.015496015548706055 ,      186.0 ,1733485449.132184  ,tensor([-3.9126  -3.9930  -1.6427  -1.8660  -0.8342  -2.0817  -4.5561  -4.2398          -3.1899  -2.4473  -3.2487  -2.8874  -2.6845  -3.1646  -2.6488  -4.0199          -2.6247  -2.7252  -3.2206  -4.7651  -3.1722
1733485449.2081425 , 0.015265464782714844 ,      187.0 ,1733485449.2098439 ,tensor([-0.2551  -2.1846  -1.8354  -1.2838  -2.1118  -2.2512  -1.3544  -0.1170          -2.6284  -2.2210  -1.4879  -1.1439  -2.3372  -2.7886  -1.6192  -1.9697          -1.8995   8.2575  -1.2596  -0.8935  -0.9383
1733485449.2614408 , 0.015155315399169922 ,      188.0 ,1733485449.288676  ,tensor([-3.1081  -3.4003  -1.1119  -3.5081  -3.1024  -3.3062  -3.4963  -2.5183          -3.1645  -2.7851  -2.8210  -2.1047  -0.8112  -2.1248   3.4726  -2.6213           4.7973  -2.9410  -2.9561  -2.9221  -1.4975
1733485449.3151395 , 0.0147552490234375   ,      189.0 ,1733485449.28879   ,t
1733485449.373208  , 0.015177726745605469 ,      190.0 ,1733485449.3655849 ,tensor([-2.7374  -2.2800  -3.6027  -1.3208  -0.5355  -1.9356  -3.0692  -2.0553          -1.9656  -1.4284  -1.4219   1.6615  -1.2616   6.9249   1.1648  -2.0586          -2.0580  -3.1725  -2.6153  -2.2716  -2.5521
1733485449.4304574 , 0.015897035598754883 ,      191.0 ,1733485449.444801  ,tensor([-2.8368  -2.4550  -1.1820  -2.0925  -1.3362  -2.6504  -1.0473  -0.6920          -1.2755  -3.1082  -2.0736  -2.4051  -3.3426  -3.1800  -2.2772   3.7053          -2.6161  -2.0297  -2.6646  -2.2580  -3.4871
1733485449.4902797 , 0.015088558197021484 ,      192.0 ,1733485449.52179   ,tensor([-3.6178  -4.2801  -2.9726  -3.9377  -3.1663  -3.6294  -4.1376  -4.2476          -5.4393  -3.5256  -4.1361  -4.2502  -3.9609  -4.5322  -4.4738  -4.3403          -3.0889  -3.0302  -2.8943  -4.7634  -1.0640
1733485449.5644069 , 0.016260385513305664 ,      193.0 ,1733485449.5994701 ,tensor([-1.6551  -1.5689  -2.4422  -1.0097  -2.2900  -2.0187  -1.6101  -2.0191          -1.4553  10.8333  -1.0975  -1.3829  -2.1352  -1.2186  -1.6585  -3.8948          -1.9822  -1.8675  -1.5579  -1.2473   0.3181
1733485449.6895885 , 0.01593637466430664  ,      195.0 ,1733485449.675648  ,tensor([-2.2633  -1.5334  -1.2931  -0.8939   8.3944  -0.5517  -1.6570  -1.8041          -0.9438  -1.7469  -1.1129  -1.1629  -0.4254   0.4421  -0.6464  -2.0404          -1.9619  -2.0819  -1.3378  -2.4196  -2.2725
1733485449.7457414 , 0.016135215759277344 ,      196.0 ,1733485449.772036  ,tensor([-4.6219  -3.7339  -2.6877  -2.8798  -3.9209  -3.3070  -3.2320  -2.9115          -5.0852  -2.3411  -3.5236  -3.7409  -2.6298  -3.8961  -2.4734  -4.2782          -4.3041  -2.0757  -3.0576  -2.5795  -2.1224
1733485449.803046  , 0.014799833297729492 ,      197.0 ,1733485449.7721531 ,
1733485449.859596  , 0.015189886093139648 ,      198.0 ,1733485449.848536  ,tensor([-1.9707  -2.1729  -2.7964  -2.4302  -1.4674  -2.8575  -2.5589  -2.3763          -0.5524  -1.6649  -2.6338  -1.2109  -0.6198  -1.9694  -1.9089  -2.6841          -1.8249  -2.3614  -3.6349  -1.5543   0.8513
1733485449.9168384 , 0.016180992126464844 ,      199.0 ,1733485449.92572   ,tensor([-1.0266  -3.0857  -1.7323  -0.6538  -1.4376  -2.5315  -2.4057  -2.7610          -3.3073  -2.3894  -3.1051  -2.2603   3.3111  -2.4170  -1.9224  -2.6329          -1.7031  -3.0672  -1.5771  -1.4313  -2.5135
1733485449.9753835 , 0.015025854110717773 ,      200.0 ,1733485450.00326   ,tensor([-2.5103  -2.2686  -3.3516  -2.7805  -3.0785  -2.1231  -2.8605  -2.4833          -2.5537  -2.3732  -2.3683  -1.6415   0.0982  -0.5487   3.6242  -0.5338           6.1196  -2.0023  -1.9132  -2.0965  -1.2225
1733485450.034727  , 0.01602792739868164  ,      201.0 ,1733485450.003387  ,t
1733485450.0915468 , 0.014766454696655273 ,      202.0 ,1733485450.080537  ,tensor([-2.1157  -2.0583  -2.0281  -2.0180  -1.3298  -2.3464  -2.0499  -0.8452          -3.8156  -2.3735  -2.6836  -1.9908  -2.2810  -2.0721  -3.1606  -2.5625          -1.3048  -1.6542   9.9752  -2.0089  -0.3438
1733485450.1490197 , 0.019710063934326172 ,      203.0 ,1733485450.157459  ,tensor([ 0.7600  -1.8696  -2.5534  -1.0290  -1.8401  -1.5003  -1.4833  -1.1166          -2.2571  -1.7614  -1.2421  -0.8584  -1.0393  -2.4507  -1.2547  -1.4015          -1.7557   7.6306  -1.5257  -0.8409  -1.3405
1733485450.9062421 , 0.013916254043579102 ,      204.0 ,1733485450.872066  ,tensor([-0.5077  -2.2022  -1.9647  -1.6969  -1.7838  -1.5081  -1.4472  -1.2900          -2.1720  -1.8098  -1.6436  -1.1324  -2.0637  -2.2366  -1.8953   2.3549          -1.5390  -1.1037  -2.0970  -0.9841  -2.5521
1733485451.5958204 , 0.01268148422241211  ,      205.0 ,1733485451.603818  ,tensor([-2.2733  -1.6825  -0.6845  -1.2591  -0.1970  10.0636  -2.1680  -2.1612          -0.9636  -1.6673  -1.0080  -1.6670  -0.8857  -1.3051  -0.0747  -1.0480          -2.0476  -1.3483  -1.6916  -1.0649  -2.4706
1733485451.716439  , 0.023656845092773438 ,      206.0 ,1733485451.6808262 ,tensor([-1.5751e+00  -1.9588e+00  -3.2355e-01  -1.5639e+00  -1.4776e+00          -1.7490e+00  -1.5234e+00  -1.4788e+00   7.9516e+00  -1.9602e+00          -1.8489e+00  -1.9493e+00  -1.3967e+00  -1.9372e+00  -1.8138
1733485451.7919989 , 0.018367528915405273 ,      207.0 ,1733485451.761238  ,tensor([-2.4091  -1.8625  -1.8513  -1.2125  -2.5382  -2.2413  -1.8238  -1.7115          -1.5797  -2.6879  -2.5406  -3.1734  -1.7912  -3.2275  -3.2086  -1.7100          -2.8584  -1.9889  -2.5171  -3.0121  -2.7800
1733485451.852113  , 0.0168612003326416   ,      208.0 ,1733485451.8381891 ,tensor([-3.0858  -3.6994  -1.3934  -1.4724   0.1409  -0.7921  -3.6328  -2.8039          -2.4342  -3.0006  -1.9957  -1.2902  -2.1187  -2.8957   1.0314  -2.4418          -2.7622  -1.3094  -2.5015  -2.4078  -2.2600  -2
1733485451.9153702 , 0.01633596420288086  ,      209.0 ,1733485451.915523  ,tensor([-2.0366  -2.4291  -0.7939  -3.4540  -3.9520  -3.5525  -2.0367  -1.9434          -1.8061  -1.3464  -3.2903  -1.4989  -2.9924  -2.1261  -2.6137  -3.3941          -1.6571  -1.4349   0.0753  -4.4941  12.8452
1733485451.978577  , 0.01607489585876465  ,      210.0 ,1733485451.993032  ,tensor([-2.1616  -3.4577  -1.7168  -2.2091  -2.5080  -1.4250  -2.4340  -2.7847          -0.4822  -2.6635  -1.0510  -0.6387  -2.0109  -2.2571  -2.1809  -1.9296          -2.6627   0.0859  -1.8258   0.2781  -1.9148  -
1733485452.0439706 , 0.016594886779785156 ,      211.0 ,1733485452.072373  ,tensor([-2.0333  -2.9057  -3.2040  -1.0865  -2.6700  -1.9306  -3.0083  -2.1533           1.4039  -2.1289  -2.1113  -1.6022  -2.9840  -1.9462  -3.3409  -2.5800          -2.6627  -1.0150  -2.4543   0.4223  -3.3972
1733485452.1718812 , 0.01541757583618164  ,      213.0 ,1733485452.149753  ,tensor([-0.4210  -1.9539  -2.4762  -2.2328  -1.7533  -2.2399  -2.2216  -1.8289          -0.6424  -1.4392  -2.3681  -1.0324  -0.7999  -1.8426  -1.6671  -2.3339          -1.3948  -1.5224  -2.7781  -1.5763   0.8657
1733485452.2339914 , 0.015381336212158203 ,      214.0 ,1733485452.2284591 ,tensor([-1.7896  -2.6657  -3.2141  -0.0137  -0.2897  -2.3913  -2.3932  -1.2482          -2.8299  -1.4864  -2.2922   4.0447  -1.6309   0.3503   0.3092  -1.9702          -0.8280  -2.0578  -1.7272  -1.8998  -0.1729
1733485452.295177  , 0.016597986221313477 ,      215.0 ,1733485452.3070521 ,tensor([-1.8720  -1.0762  -2.6198  -1.2608  -1.9679  -1.9436  -2.6117  -1.6827          -2.7222  -2.5045  -2.1536  -3.4712  -0.6563  -3.1122  -2.1754  -2.0849          -1.5175  -1.0167  -2.5174  -2.5519  -1.5326
1733485452.3538444 , 0.015146732330322266 ,      216.0 ,1733485452.385282  ,tensor([ 0.7812  -2.1320  -2.3607  -1.8698  -2.1098  -1.9151  -1.7400  -1.5398          -2.2929  -2.1170  -1.3170  -1.3620  -1.7345  -2.6744  -1.6776  -1.8279          -1.6426   7.8582  -1.3008  -1.0459  -1.1075
1733485452.4132285 , 0.01557016372680664  ,      217.0 ,1733485452.385401  ,
1733485452.4686573 , 0.014711618423461914 ,      218.0 ,1733485452.4628181 ,tensor([-3.4319  -1.1494  -2.0535  -2.6436  -1.8395  -1.2838   3.7920  -1.9738          -1.0840  -1.2417  -0.9128  -1.8315  -2.3485  -2.8705  -3.5105  -0.9633          -0.5833  -2.9207  -2.4065  -2.4879   0.2192
1733485452.5281308 , 0.016132116317749023 ,      219.0 ,1733485452.5552151 ,tensor([-2.0390  -4.2670  -2.4587  -2.4113  -3.8994  -2.2843  -2.3303  -3.1002          -2.9849  -1.4053  -2.2268  -1.1688  -2.2714  -2.1034  -3.6459  -1.5352          -2.1435  -1.7591  -3.1215  10.4039  -3.9354
1733485452.5844636 , 0.014918088912963867 ,      220.0 ,1733485452.66128   ,tensor([-2.2942  -4.6673  -3.4211  -3.4307  -5.1914  -4.1428  -3.1419  -2.7976          -3.7846  -2.1726  -3.8369  -3.6237  -4.1972  -4.6649  -6.1295  -2.7915          -3.7451  -4.3524  -3.8901  -2.8532  -0.2724
1733485453.2991323 , 0.013955116271972656 ,      222.0 ,1733485453.366152  ,tensor([-3.8177  -2.2153  -2.5238  -2.3782  -0.4948  -2.3715   0.3072  -2.7212           0.0502  -1.2937   5.8378  -2.4075  -2.7885  -1.6529  -1.5477  -0.6373          -2.4200  -0.9685  -2.6188   0.4783  -2.6309
1733485453.4015086 , 0.017220258712768555 ,      223.0 ,1733485453.445109  ,tensor([-3.7269  -1.1419  -2.3211  -2.1147  -1.7482  -2.6119   9.5581  -2.0686          -1.3766  -1.8682  -0.5615  -1.9992  -2.0893  -3.0648  -3.5509   0.2587          -1.6456  -2.1668  -2.3433  -1.7672  -1.9093
1733485453.5017338 , 0.017761945724487305 ,      224.0 ,1733485453.5243342 ,tensor([-4.7937  -5.3561  -3.1390  -4.3416  -6.6782  -4.4890  -3.2671  -1.5895          -4.9074  -5.1618  -4.6644  -5.6383  -4.3925  -5.1663  -3.5443  -3.3423          -2.6476  -3.1652  -2.9884  -2.2011  -3.6660
1733485453.6057591 , 0.0175321102142334   ,      225.0 ,1733485453.6027572 ,tensor([-2.2889e+00  -2.4157e+00  -2.7441e+00  -3.9554e+00  -3.7395e+00          -3.7699e+00  -2.0257e+00  -3.0167e+00  -1.8434e+00  -1.7834e+00          -3.5982e+00   1.7819e-02  -2.0684e+00  -1.4507e+00  -1.9609e
1733485453.694098  , 0.020270586013793945 ,      226.0 ,1733485453.681271  ,tensor([-2.4701  -1.5426  -3.0009  -2.7163  -3.4538  -3.7580  -2.9068  -3.1817          -2.9692  -3.2597  -3.4905  -2.5694   1.2202  -2.5057  -0.3589  -1.1241          11.2090  -2.7544  -1.0313  -2.7454  -1.5145
1733485453.756205  , 0.017113208770751953 ,      227.0 ,1733485453.758507  ,tensor([-1.9739  -1.7901  -1.6906  -0.8763   7.4763  -0.0982  -1.3374  -1.7346          -0.6255  -1.4774  -1.0959  -0.0817  -0.6511   0.5459  -1.2573  -1.7124          -2.0350  -1.6736  -1.3295  -1.9271  -1.7292
1733485453.8306115 , 0.013916969299316406 ,      228.0 ,1733485453.8487139 ,tensor([-2.4593   0.1779   8.4434  -1.8873  -2.8400  -2.3963  -1.1951   0.2149          -2.2134  -2.0014  -2.1346  -2.2499  -2.6239  -2.4402  -2.1489  -0.0679          -0.5959  -2.0486  -2.0782  -1.9984  -0.7918
1733485453.9061987 , 0.014373540878295898 ,      229.0 ,1733485453.9257941 ,tensor([-2.7662  -1.5439  -0.3428   8.4670  -2.4207  -2.1875  -2.0552  -2.3580           1.7121  -2.6164  -3.0454  -0.6840   1.6136  -2.2026  -2.0121  -2.3729          -2.1270  -1.5348  -3.0235  -2.1798  -2.0852
1733485453.9865098 , 0.016840457916259766 ,      230.0 ,1733485454.003083  ,tensor([-1.7427  -2.9830  -2.9135  -1.2245  -0.9259  -1.9878  -2.1304  -1.7698          -1.5535  -2.5692  -2.1818  -1.2743  -2.4007  -2.4319  -2.4095   1.2444          -2.2564  -1.8023  -2.1042  -1.5282  -2.7646
1733485454.058521  , 0.017012596130371094 ,      231.0 ,1733485454.080891  ,tensor([-2.4608  -3.3666  -1.5879  -2.1845  -2.5809  -1.0258  -2.8135  -2.8046          -0.8575  -2.9641  -1.5998  -0.5300  -1.5698  -2.1417  -1.8469  -2.2678          -2.6635   0.3096  -2.2137  -1.3217  -1.8842
1733485454.1269643 , 0.014686346054077148 ,      232.0 ,1733485454.158324  ,tensor([-3.6048  -2.2898  -3.0286  -0.5275  -0.2894  -2.5119  -2.7445  -1.9530          -2.5722  -2.3311  -2.4525   9.4866  -1.1522   2.1664  -0.1539  -2.4826          -1.6801  -0.8527  -2.5450  -1.5940  -1.0170
1733485454.2609074 , 0.016349315643310547 ,      234.0 ,1733485454.234551  ,tensor([-1.0663  -2.2663  -1.6993  -2.3253  -2.4779  -1.7207  -0.7944  -2.3928          -2.7350   2.7176  -2.0669  -1.6794  -2.0182  -2.2800  -2.6001   0.3811          -1.5316  -1.9931  -2.2477   5.3994  -2.6836
1733485454.3147008 , 0.01650261878967285  ,      235.0 ,1733485454.3141692 ,tensor([13.5685  -1.4606  -1.5155  -1.6084  -0.6959  -2.0181  -2.1839  -0.9209          -1.3461  -1.1744  -2.4090  -1.1578  -0.6515  -1.2095  -1.1256  -1.0110          -1.2816  -0.6755  -1.2375  -0.8270  -1.2246
1733485454.3724194 , 0.014982223510742188 ,      236.0 ,1733485454.3921878 ,tensor([-1.7840  -1.5335  -1.0144  -1.2174  -1.3664  -1.8946  -1.8182  12.0707          -1.5369  -1.5118  -2.3101  -2.1558  -2.5072  -1.7488  -0.3273  -1.7676          -2.1175  -1.3761  -0.7790  -2.2290  -2.7355
1733485454.4291928 , 0.01534724235534668  ,      237.0 ,1733485454.48542   ,tensor([-2.5337  -2.1215  -3.5873  -2.8010  -3.6066  -2.3203  -4.0062  -2.3263          -1.5655  -1.6623  -0.6351  -0.0760  -2.5917  11.9744   0.1906  -2.4992          -2.4575  -3.9736  -2.9110  -2.8783  -2.3699
1733485454.4920285 , 0.014525175094604492 ,      238.0 ,1733485454.485536  ,
1733485454.5442796 , 0.01480865478515625  ,      239.0 ,1733485454.5660758 ,tensor([-3.5625  -3.8708  -2.4925  -3.2450  -3.3158  -2.9762  -2.9368  -3.1243          -4.9914  -2.7859  -3.8082  -3.6390  -0.8513  -3.8613  -3.2138  -4.6800          -4.3915  -1.6466  -3.0637  -2.3283  -2.3514
1733485454.5996137 , 0.015096426010131836 ,      240.0 ,1733485454.56622   ,
1733485454.653451  , 0.014070510864257812 ,      241.0 ,1733485454.646358  ,tensor([-1.6824  -1.6665  -0.0633   0.4186  -1.4597  -1.2003  -1.8511  -1.7180           8.9284  -2.2978  -2.1436  -0.9528   0.4488  -1.0688  -1.2331  -1.3676          -2.1948  -2.0820  -2.5399  -1.7575  -1.0832
1733485454.70937   , 0.014957427978515625 ,      242.0 ,1733485454.740524  ,tensor([-3.8974  -4.1426  -3.8685  -4.1348  -3.6226  -5.5052  -3.3189  -3.6456          -5.1288  -3.5452  -3.2351  -4.2342  -4.0483  -4.3365  -1.9022  -2.4642          -2.6038  -2.4775  -2.9959  -3.7937  -0.6510  -
1733485454.7689445 , 0.015060663223266602 ,      243.0 ,1733485454.740643  ,t
1733485454.82825   , 0.017154216766357422 ,      244.0 ,1733485454.817186  ,tensor([-1.7704  -1.5169  -2.1539  -1.4082  -1.6039  -1.9730   0.0248  -1.7675          -1.7551   9.3655  -0.7024  -1.2281  -2.1466  -1.3970  -1.7640  -2.9355          -1.9781  -2.0975  -1.7651  -0.9064  -0.7513  -
1733485454.880981  , 0.01579761505126953  ,      245.0 ,1733485454.895894  ,tensor([13.5072  -1.6160  -1.4407  -1.4991  -0.7871  -2.0272  -2.2543  -1.0291          -1.4311  -1.1581  -2.4230  -1.1586  -0.7299  -1.1227  -1.1831  -0.9332          -1.3231  -0.5647  -1.4593  -0.7004  -1.0604  -
1733485454.9409237 , 0.017167091369628906 ,      246.0 ,1733485454.972618  ,tensor([-2.5083  -4.1815  -3.3999  -1.6924  -2.9673  -2.7322  -3.9646  -3.3096           0.0106  -3.1815  -1.5668  -1.5800  -3.4349  -1.9733  -3.6870  -3.3632          -3.1209  -1.1832  -2.6759   1.9281  -4.5632
1733485455.0010395 , 0.01810312271118164  ,      247.0 ,1733485454.9727402 ,
1733485455.0603542 , 0.01509237289428711  ,      248.0 ,1733485455.0494761 ,tensor([-3.7394  -1.9023  -1.9291  -1.9154  -3.8789  -2.8454  -1.7678  -1.7757          -2.1416  -3.1899  -3.3928  -3.5270  -1.9419  -3.4344  -3.0513   0.5271          -1.9552  -1.8708  -3.0730  -0.8474  -3.8238
1733485455.1156979 , 0.01636648178100586  ,      249.0 ,1733485455.128447  ,tensor([-2.6615  -2.9340  -3.5970  -2.1717   0.0610  -1.9961  -2.3581  -2.1419          -1.9261  -1.3144  -1.7018   5.2246  -2.3133   0.3617  -1.5204  -0.5015          -1.7283  -1.6525  -1.9078  -0.8651  -0.8365
1733485455.1770918 , 0.015233755111694336 ,      250.0 ,1733485455.206363  ,tensor([-1.7832e+00  -2.0640e+00  -1.1923e+00  -3.5998e+00  -3.0289e+00          -2.7703e+00  -2.0512e+00  -1.1740e+00  -2.1419e+00  -1.8170e+00          -2.9330e+00  -2.0970e+00  -2.9041e+00  -2.2023e+00  -2.009
1733485455.2368805 , 0.015152931213378906 ,      251.0 ,1733485455.206561  ,tensor([-2.4886  -2.2532  -3.0948  -2.8439  -1.9958  -2.2877  -3.1772
1733485455.291793  , 0.014982938766479492 ,      252.0 ,1733485455.283593  ,tensor([-4.5143  -2.5902  -2.7506  -4.3048  -4.8253  -2.7451  -2.7473  -3.4838          -3.3956  -3.2140  -4.6677  -3.9641  -2.1203  -2.0823  -0.8814  -2.4110           0.5634  -3.2928  -3.7400  -2.6943  -2.5733
1733485455.3453212 , 0.015894174575805664 ,      253.0 ,1733485455.36199   ,tensor([-1.5380  -0.8762  -0.9399  -1.2651  -1.9579  -1.8109  -2.0286  -1.5406          -1.5406  -1.9954  -1.9568  -2.9457  -1.6897  -2.5381  -2.4678  -0.6083          -1.2022  -1.7836  -1.2944  -2.3721  -2.2997
1733485455.3996992 , 0.014643192291259766 ,      254.0 ,1733485455.441561  ,tensor([-1.9075  -1.6844  -1.6138  -1.4928  -1.8851  10.8300  -1.8552  -1.8437          -1.2147  -1.3612  -1.4771  -1.4279  -1.2110  -1.3818  -1.0622  -0.8678          -2.2439  -1.2863  -1.7117  -0.9677  -2.2307
1733485455.4561796 , 0.01490926742553711  ,      255.0 ,1733485455.441686  ,
1733485455.5140433 , 0.015514612197875977 ,      256.0 ,1733485455.521617  ,tensor([-2.1929  -2.9154  -1.4468  -0.3192  -2.1715  -1.9400  -2.0927  -2.7415          -1.9382  -2.5351  -2.9224  -1.8572   4.6277  -2.2719  -2.1061  -2.2837          -1.5673  -3.1158  -2.0998  -1.4169  -2.7278
1733485455.5692325 , 0.014870166778564453 ,      257.0 ,1733485455.5999072 ,tensor([-2.6421  -2.2723  -1.7674  -2.4220  -3.0521   3.1452  -1.8735  -2.5451          -2.6917  -1.9264  -1.5532  -2.0709  -2.3930  -2.4662  -1.6507   0.2865          -1.4908  -1.3138  -2.3808  -0.2116  -2.7247
1733485455.670255  , 0.02367091178894043  ,      259.0 ,1733485455.6798    ,tensor([-1.6453  -1.2555  -1.7249  -1.6001  -1.9053  -2.5926  -1.8374  -0.2084          -3.7323  -1.6979  -2.3117  -1.9510  -2.5663  -2.0845  -2.8808  -2.8774          -1.0273  -1.0736  10.8710  -2.2016   0.6694  -
1733485455.7121685 , 0.017847776412963867 ,      260.0 ,1733485455.679892  ,t
1733485455.8571768 , 0.017224788665771484 ,      261.0 ,1733485455.819417  ,tensor([-1.7361  -1.7884  -3.1406  -2.1480  -2.6662  -1.7648  -2.7231  -2.2082           1.0626  -1.5689  -1.8862  -1.7326  -2.2078  -0.7737  -1.7290  -3.2818          -2.5809  -1.7300  -2.6478  -1.8374  -0.3997
1733485457.0111272 , 0.012582778930664062 ,      262.0 ,1733485456.973728  ,tensor([-2.8551  -1.8998  -1.6688  13.9077  -2.0183  -3.8235  -3.3299  -3.3341          -2.0599  -3.3869  -4.0697  -1.5220  -0.3489  -3.6756  -2.2297  -3.8632          -2.5665  -0.4290  -4.2515  -3.6337  -3.4081
1733485457.371214  , 0.024088382720947266 ,      263.0 ,1733485457.333654  ,tensor([-0.6627  -2.1198  -2.1615  -1.4100  -0.2313  -0.9644  -2.2836  -1.9064           9.1590  -2.2006  -1.2132  -1.6405   0.5743  -0.8572  -0.6339  -1.9220          -2.8363  -2.4269  -3.1213  -1.2575  -2.2396
1733485457.451227  , 0.018996477127075195 ,      264.0 ,1733485457.436357  ,tensor([-1.8646  -0.4443   6.0182  -1.6313  -3.0944  -2.5740  -1.4592   0.1807          -2.7519  -2.5224  -2.4095  -2.4499  -1.3282  -2.7332  -1.9116  -1.4031          -0.2948  -1.9036  -1.9541  -1.9508  -0.9611
1733485457.5124936 , 0.01741337776184082  ,      265.0 ,1733485457.512985  ,tensor([-2.2661e+00  -7.5522e-01  -5.0595e-01   9.8932e-01  -1.3910e+00          -1.6522e+00  -1.5777e+00   8.1696e+00   2.8165e-01  -1.5377e+00          -1.9060e+00  -1.2660e+00  -2.3362e+00  -1.4605e+00  -5.8053
1733485457.5771062 , 0.015484809875488281 ,      266.0 ,1733485457.5900989 ,tensor([-3.2362  -2.8318  -1.6496   0.9871  -2.6922  -2.9909  -1.9183  -1.5335          -3.3746  -3.0907  -2.9367  -3.0383  -1.8885  -3.3392  -2.6803  -1.8328          -1.6820  -2.5592  -1.4247  -2.7907  -1.9170
1733485457.641701  , 0.017211437225341797 ,      267.0 ,1733485457.666613  ,tensor([-5.2142  -1.6135  -3.4666  -3.8803  -2.3766  -0.6670  -1.8852  -3.3305          -2.0335  -2.0117  13.2962  -4.0615  -4.8759  -0.5916  -0.6037  -2.2627          -4.5338  -0.8856  -2.9025  -0.0929  -3.7439
1733485457.6984675 , 0.015272378921508789 ,      268.0 ,1733485457.6667562 ,
1733485457.7566597 , 0.015136241912841797 ,      269.0 ,1733485457.744145  ,tensor([-1.8539  -1.1077  -1.2442  -1.4707  -1.8643  -2.2432  -1.6693  -0.6008          -3.2125  -1.9045  -2.0955  -1.7264  -2.1907  -2.0976  -2.8958  -2.6680          -1.0848  -0.6767   9.8199  -2.0379   0.2274
1733485457.8181548 , 0.0158846378326416   ,      270.0 ,1733485457.820662  ,tensor([-4.7362  -1.1773  -3.4990  -4.0642  -2.1246  -1.9316  -0.7858  -3.2704          -1.6962  -1.9424  13.1405  -3.7913  -4.1976  -0.8136  -1.2665   0.4446          -4.0095  -1.0190  -2.8001  -0.4097  -3.5694  -
1733485457.874482  , 0.015587568283081055 ,      271.0 ,1733485457.89771   ,tensor([-4.2571  -4.7258  -3.4477  -3.8369  -3.8940  -2.7846  -4.1429  -3.7673          -5.9049  -3.5867  -4.0023  -3.9039  -3.7576  -3.9461  -3.7545  -3.7464          -3.7037  -3.2777  -3.1884  -4.1463  -3.7095
1733485457.9330163 , 0.016188383102416992 ,      272.0 ,1733485457.8978748 ,
1733485457.9874272 , 0.015046119689941406 ,      273.0 ,1733485457.974401  ,tensor([-2.0172  -1.5882  -0.9597  -1.4727   0.8698  -1.2163  -1.3108  -1.9643          -1.4501  -1.3273  -1.8638  -0.4020  -1.7722  -1.5934  -1.1106  -1.2444          -1.1838  -1.1208  -1.1620  -1.3005  -1.3178
1733485458.0421283 , 0.0165402889251709   ,      274.0 ,1733485458.053919  ,tensor([-1.5665  -1.6385  -1.2784  -2.1755  -2.4579  -1.5088  -0.5656  -2.0770          -2.4960  -1.5956  -0.6798  -1.1053  -2.1976  -2.0613  -1.9680   5.1187          -0.9143  -1.5377  -2.2676  -0.1792  -2.2257  -
1733485458.095819  , 0.01456594467163086  ,      275.0 ,1733485458.1307461 ,tensor([-1.0199  -1.8877  -0.7588  -0.6736   0.9403  -1.6272  -1.3907  -1.6954          -0.9349  -1.1488  -2.0500  -0.8541  -1.7688  -1.8756  -1.5049  -1.5817          -2.1934  -1.1968  -1.2046  -1.4428  -1.2261  -
1733485458.1526206 , 0.016180753707885742 ,      276.0 ,1733485458.1309152 ,t
1733485458.206711  , 0.017075300216674805 ,      277.0 ,1733485458.208232  ,tensor([-1.6017  -2.9386  -1.3931  -1.7597  -0.5432  -2.3153  -2.4097  -2.7536          -2.3455  -2.5799  -3.4787  -1.9013  -2.9473  -3.3957  -2.8567  -2.8143          -3.6012  -1.0002  -0.2594  -2.1618  -1.3620
1733485458.2671456 , 0.01718735694885254  ,      278.0 ,1733485458.2893162 ,tensor([-1.7601  -2.5515  -2.1102  -1.7915  -1.0606  -1.2776  -1.8547  -1.3581          -1.8280  -1.5769  -1.6239  -0.7321  -1.9488  -1.7343  -1.6924   1.0031          -1.4493  -1.6935  -2.1825  -1.3376  -2.3372
1733485458.3196273 , 0.015130043029785156 ,      279.0 ,1733485458.289492  ,
1733485458.375085  , 0.014595508575439453 ,      280.0 ,1733485458.365878  ,tensor([-3.8670  -4.3334  -3.0006  -2.8591  -1.4519  -3.4292  -3.4822  -3.2492          -4.4444  -3.0755  -2.4099  -2.8285  -2.3867  -3.3960  -0.9752  -3.1007          -2.2809  -3.3347  -2.9558  -4.0370  -3.1005
1733485458.4345205 , 0.016168594360351562 ,      281.0 ,1733485458.445295  ,tensor([-4.3362  -3.5228  -1.5422  -3.6495  -2.8996  -2.3860  -3.0233  -2.4432          -3.2279  -2.0876  -2.9983  -3.0837  -0.9410  -3.1733  -1.4117  -4.3589          -3.8117  -1.9000  -2.7347  -1.3905  -2.0707
1733485458.4881709 , 0.015197038650512695 ,      282.0 ,1733485458.521696  ,tensor([ 1.3825e+01  -1.5457e+00  -1.3134e+00  -1.6902e+00  -8.5918e-01          -2.0968e+00  -2.2479e+00  -1.0163e+00  -1.4366e+00  -1.3470e+00          -2.5307e+00  -1.3332e+00  -7.0467e-01  -1.2153e+00  -1.294
1733485458.543655  , 0.014352798461914062 ,      283.0 ,1733485458.521857  ,tensor([-3.1162  -1.4977  -2.0947  -1.8019  -3.1282  -2.5830  -2.0971  -
1733485458.5996666 , 0.014678716659545898 ,      284.0 ,1733485458.599589  ,tensor([-2.5896  -2.9750  -1.8061  -2.1405  -2.7436  -1.6221  -1.7456  -2.3740          -1.3280  -1.9057  -2.1292  -2.4936  -1.9256  -2.6033  -1.4023  -2.4141          -1.7947  -2.3059  -2.2659  -1.2093  -2.8591
1733485458.65642   , 0.01583266258239746  ,      285.0 ,1733485458.680485  ,tensor([-1.9388  -2.2445  -2.9907  -2.3532  -2.3653  -2.5615  -2.7455  -2.3596          -2.2027  -1.7092  -2.4609  -1.9452  -2.6256  -1.6187  -2.2462  -2.9904          -1.9571  -2.3685  -3.5227  -2.3524   0.2280   1
1733485458.708577  , 0.014520645141601562 ,      286.0 ,1733485458.680843  ,ten
1733485458.7650862 , 0.016094684600830078 ,      287.0 ,1733485458.75952   ,tensor([-4.8200  -4.3883  -2.1250  -3.1716  -0.9528  -3.0385  -4.9032  -5.1332          -3.8461  -3.3582  -3.5389  -3.9747  -3.4978  -4.3903  -3.4983  -3.8307          -2.9986  -2.9182  -3.8186  -5.5455  -4.1936
1733485458.8218167 , 0.01615762710571289  ,      288.0 ,1733485458.835409  ,tensor([-4.2406  -1.8281  -2.6295  -3.1361  -3.5508  -2.7443  -3.2985  -2.7389          -2.0057  -3.2888  -0.7996  -5.0181  -2.2647  -3.7443  -2.3653  -3.3090          -2.5471  -2.4017  -2.4629  -2.9161  -3.7099
1733485458.8782754 , 0.014530181884765625 ,      289.0 ,1733485458.934338  ,tensor([-2.0317  -1.6190  -1.8336  -2.0972  -2.0698  -0.1486  -0.5079  -2.0301          -2.6512  -1.5945  -0.7197  -1.1854  -2.0414  -2.1154  -1.8016   3.7498          -1.0808  -1.8371  -2.2634  -1.3049  -2.2629
1733485458.938998  , 0.01535797119140625  ,      290.0 ,1733485458.9345012 ,t
1733485458.9922993 , 0.014801979064941406 ,      291.0 ,1733485459.011631  ,tensor([-3.1060  -1.4711  -2.3665  -2.3464  -2.9165  -2.5694  -2.2092  -1.6202          -1.5792  -2.8158  -1.6914  -3.6531  -2.3458  -3.3191  -2.7854  -1.7148          -2.5384  -1.1813  -2.2140  -1.9688  -3.0972
1733485459.052851  , 0.01539301872253418  ,      292.0 ,1733485459.0896451 ,tensor([-3.7592  -2.1880   0.8065  -1.9354  -0.5120  -2.2321  -0.8227  -1.7432          -1.2146  -2.3181  -1.0958  -2.5899  -1.9421  -3.4931  -1.4025   0.6582          -2.2398  -1.9255  -2.8156  -2.8820  -2.9017  -
1733485459.1072428 , 0.014636039733886719 ,      293.0 ,1733485459.089797  ,t
1733485459.164597  , 0.016709566116333008 ,      294.0 ,1733485459.166827  ,tensor([-1.6206  -2.1004  -0.0953   7.9017  -2.4004  -2.4669  -2.4795  -2.1041           0.8125  -3.1358  -3.4028  -2.3542   2.0148  -2.9843  -2.8139  -3.3881          -2.5984  -1.2743  -2.9940  -2.6736  -1.8872
1733485459.2222505 , 0.0162045955657959   ,      295.0 ,1733485459.2429152 ,tensor([-2.6200  -2.5261  -1.1460   2.2315  -0.3176  -2.3646  -2.2615  -1.2336           2.4730  -2.4978  -2.5016  -0.4270  -2.5887  -2.1869  -1.9490  -1.5547          -2.7158   0.1520  -2.6491   0.6018  -3.0028  -
1733485459.3217485 , 0.01603102684020996  ,      296.0 ,1733485459.3192608 ,tensor([-3.2526  -4.2961  -0.8311  -2.5350  -3.8137  -3.8565  -3.0914  -3.0358          -4.9460  -3.8243  -3.9350  -3.6267  -3.3826  -4.4388  -3.4870  -2.0920           0.0488  -2.2331  -3.0470  -1.5422  -2.0968
1733485459.381511  , 0.01760578155517578  ,      297.0 ,1733485459.398345  ,tensor([-2.0227  -1.6346  -1.5574  -1.8151  -2.1622   8.3792  -1.7278  -2.1143          -0.1979  -0.7564   0.5139  -1.7224  -1.3607  -1.0145  -0.8414  -1.5401          -2.1279  -1.3186  -2.1370  -0.6954  -1.8091  -
1733485459.437771  , 0.015049934387207031 ,      298.0 ,1733485459.477242  ,tensor([-3.2207  -2.3458  -3.6557  -0.9219  -1.0456  -1.7862  -2.4931  -3.2271          -0.5255  -2.1557  -3.0675   9.4199  -0.4210   0.0327  -2.4597  -3.3176          -2.0023  -0.6953  -2.4178  -1.0006  -0.8082
1733485459.4945316 , 0.01491403579711914  ,      299.0 ,1733485459.477303  ,t
1733485459.5534182 , 0.015641450881958008 ,      300.0 ,1733485459.558123  ,tensor([-3.7548  -4.1949  -1.1020  -2.7117  -3.5636  -3.3397  -3.3137  -1.1461          -3.4413  -3.0608  -2.8047  -1.8246  -3.0890  -2.9978   4.8258  -2.0196          -2.3632  -2.4721  -3.4229  -2.2417  -2.5217
1733485459.6122668 , 0.016113758087158203 ,      301.0 ,1733485459.636378  ,tensor([ 0.4116  -2.6122  -2.6623  -1.2140  -2.0466  -2.0940  -2.1529  -1.3696          -2.7997  -2.2402  -1.3179  -1.3581  -1.7966  -2.6490  -1.5256  -1.9662          -1.6937   7.8874  -1.9789  -0.8006  -1.7597
1733485459.669201  , 0.019891738891601562 ,      302.0 ,1733485459.636502  ,
1733485459.7249424 , 0.014734029769897461 ,      303.0 ,1733485459.7126899 ,tensor([-4.9245  -5.2974  -3.5825  -2.8422  -2.9366  -2.8832  -4.3927  -3.3118          -4.7136  -2.4956  -3.5215  -3.7968  -4.6989  -2.5236  -2.2748  -4.7355          -4.6360  -3.9788  -3.8427  -4.2377  -4.9118
1733485459.780162  , 0.015615701675415039 ,      304.0 ,1733485459.790089  ,tensor([-4.0547  -0.8819  -2.4472  -3.2085  -2.1272  -0.6318  -0.8815  -3.3937          -0.6058  -1.8266  12.0837  -3.2929  -2.5027  -1.2539  -1.0314  -0.3282          -3.7070  -0.3984  -2.6688   0.2444  -3.0294
1733485459.8376358 , 0.014974832534790039 ,      305.0 ,1733485459.866841  ,tensor([-2.2862  -0.7114   1.1235  -2.6694  -3.2028  -2.9696   5.8495  -1.0108          -2.6284  -2.0782  -2.0571  -2.1707  -3.1035  -2.8075  -3.4506  -0.3110          -0.7256  -1.6414  -1.3725  -2.0222  -0.2978
1733485459.8935664 , 0.01812124252319336  ,      306.0 ,1733485459.866956  ,
1733485459.9526463 , 0.015299558639526367 ,      307.0 ,1733485459.943833  ,tensor([-3.3900  -3.0680  -2.8826  -2.4950  -1.1269  -3.9076  -2.9297  -3.1184          -4.0266  -2.7793  -2.9190  -3.3395  -0.9148  -3.2563  -2.7964  -2.4726          -2.2118  -2.9783  -2.6779  -3.5858  -2.0102
1733485460.00559   , 0.015614509582519531 ,      308.0 ,1733485460.0221891 ,tensor([-2.1759  -1.8057  -0.1997  -2.2336  -2.5540  -1.8310  -1.8448  -1.7080          -1.3159  -2.0399  -2.1326  -2.9145  -2.2794  -2.7395  -2.7492  -1.4974          -1.9208  -2.1904  -1.4863  -2.5378  -1.7923  -
1733485460.0652022 , 0.014638900756835938 ,      309.0 ,1733485460.098892  ,tensor([-1.9177  -2.6864  -1.6476  -0.1652  -1.7267  -2.5213  -2.5971  -2.8898          -0.6058  -2.7477  -3.0418   0.2509   8.0291  -1.4989  -0.2491  -2.2349          -0.2777  -2.3110  -2.2283  -1.5772  -2.1227
1733485460.121582  , 0.015048742294311523 ,      310.0 ,1733485460.099023  ,
1733485460.1782587 , 0.01481318473815918  ,      311.0 ,1733485460.175987  ,tensor([-3.3525  -2.3029  -3.4364  -3.0778  -1.4714  -2.3986  -2.8423  -3.1919          -0.1569  -2.2428  -2.8527  -1.0928  -1.6476  -0.9324  -2.2165  -3.3057           0.2656  -2.0763  -2.7361  -3.3091   0.6196
1733485460.2351246 , 0.014760732650756836 ,      312.0 ,1733485460.2538948 ,tensor([-2.8563  -2.4616  -3.3566  -2.2740  -1.7292  -2.9314  -3.1643  -2.6076          -2.4361  -1.4157  -2.3227  -1.9790  -1.8590  -2.0396  -2.6512  -2.9341          -2.1973  -2.0088  -3.9491  -1.2378  -1.6695
1733485460.2937744 , 0.014931440353393555 ,      313.0 ,1733485460.332472  ,tensor([-2.5015  -2.4142  -2.7143  -2.6227  -2.0977  -2.1784  -1.0857  -2.1013          -2.9421  -3.0123  -1.9051  -1.9038  -3.1298  -3.2718  -2.4002   6.8267          -2.1709  -1.9077  -2.6760  -1.9528  -3.9009
1733485460.4032676 , 0.015698671340942383 ,      315.0 ,1733485460.435146  ,tensor([-1.9708  -1.8945  -0.3458  -0.5740   6.9785  -0.5223  -1.6668  -1.5447          -1.4716  -1.9213  -1.6614  -0.8234   0.4715  -1.6127   0.8276  -1.6643          -1.6520  -1.4533  -1.5704  -2.1407  -1.6662
1733485460.512647  , 0.017393827438354492 ,      317.0 ,1733485460.511752  ,tensor([-4.1294  -0.7898  -2.6602  -3.5833  -1.8124  -1.6462  -1.2954  -3.1044          -1.5998  -2.0408  11.1025  -3.2829  -3.1815  -0.6950  -1.0249  -0.9618          -3.3587  -0.2885  -2.5455   0.2033  -3.1192
1733485460.5977259 , 0.01672053337097168  ,      318.0 ,1733485460.5889761 ,tensor([-3.7072  -0.4316  -1.5157  -2.1511  -2.6893  -3.1586  10.6401  -2.3218          -1.4549  -1.8208  -0.0616  -1.5200  -2.5605  -3.2044  -4.2489  -0.5013          -1.8123  -2.3083  -1.5757  -1.8131  -1.2356
1733485460.6535532 , 0.017560720443725586 ,      319.0 ,1733485460.665008  ,tensor([-1.8468  -2.9133  -1.6097  -4.2879  -4.7227  -3.9387  -2.6529  -2.1615          -1.9180  -1.7127  -3.8406  -2.6469  -4.0301  -2.8873  -2.6684  -3.2295          -1.4307  -1.8153   1.4366  -4.2922  11.4276
1733485460.7080834 , 0.016045570373535156 ,      320.0 ,1733485460.749722  ,tensor([-3.7976  -3.2168  -1.3429  -3.2829  -2.9828  -2.2953  -2.6631  -2.0370          -2.3201  -1.8143  -2.4179  -2.7785  -1.1688  -2.8850  -0.8474  -3.9896          -3.2519  -1.9462  -2.5003  -1.5278  -1.9023
1733485460.821074  , 0.016284942626953125 ,      322.0 ,1733485460.830872  ,tensor([-3.7084  -4.4126  -2.1598  -2.4769  -3.4619  -1.7734  -2.8301  -1.9449          -3.4600  -2.4775  -2.5008  -2.9018  -3.9644  -2.7815   3.0970  -2.7061          -2.0366  -2.6433  -2.5283  -2.8701  -3.2436
1733485460.8785496 , 0.01513814926147461  ,      323.0 ,1733485460.9099991 ,tensor([-0.9561  -2.1567  -2.7969  -0.6384  -2.4998  -2.3090  -1.8246  -0.5168          -3.0428  -2.4880  -1.5556  -1.4382  -2.1770  -3.0638  -2.0118  -1.9840          -2.0941   8.8368  -1.7621  -1.1140  -1.7614
1733485460.9355667 , 0.015137195587158203 ,      324.0 ,1733485460.9101179 ,
1733485460.9935508 , 0.016300678253173828 ,      325.0 ,1733485460.9875789 ,tensor([-1.8289  -1.9996   0.3271   1.3469   0.6751  -1.8052  -2.1957  -2.9321           2.7081  -2.7539  -2.8242  -1.4513   7.4437  -2.2489  -1.2483  -2.0153          -1.5115  -2.1916  -2.9216  -1.7316  -2.4730
1733485461.0501087 , 0.01581573486328125  ,      326.0 ,1733485461.0632992 ,tensor([-1.5070  -1.2686  -2.0143  -1.0295  -0.7346  -1.9234  -1.9151  -1.9038          -0.9305  -1.1571  -1.6533  -0.8706  -0.8992  -1.4557  -1.4046  -2.0940          -1.3261  -1.5986  -2.8773  -1.7206   0.4848
1733485461.1027732 , 0.014539480209350586 ,      327.0 ,1733485461.1424    ,tensor([-4.0172  -1.7649  -2.6502  -2.6236  -2.8302  -2.6481  -2.9354  -3.0288          -3.0242  -2.9628  -4.4650  -3.1579  -1.4338  -2.0849  -1.0191  -3.2697          -0.3231  -2.0958  -3.4023  -3.2774  -2.5777
1733485461.2117455 , 0.014772415161132812 ,      329.0 ,1733485461.2196622 ,tensor([-3.7062  -3.3281  -1.5022  -2.7122  -0.5562  -2.2272  -3.3854  -1.9120          -2.3834  -2.9155  -2.0762  -2.0060  -0.5785  -2.1202   7.3316  -1.8253          -1.9346  -2.5308  -3.5567  -2.9124  -3.4502
1733485461.2666724 , 0.014925241470336914 ,      330.0 ,1733485461.29733   ,tensor([-1.3115  -2.3856  -2.0746  -0.8052  -2.1310  -2.9703  -1.1822  -2.2310          -0.7406   0.5511  -2.2408  -0.5083  -1.9342  -1.5849  -2.6859  -2.4433          -0.9069  -2.8013  -1.3881  -1.9556   2.7818
1733485461.3798378 , 0.01478266716003418  ,      332.0 ,1733485461.37451   ,tensor([-2.9206  -3.2811  -4.0876  -3.9425  -4.3775  -4.3818  -4.6486  -3.8439          -4.2285  -4.6167  -4.1407  -5.5395  -1.7140  -5.3906  -4.7487  -4.4918          -2.5426  -2.0571  -4.7721  -4.4491  -1.7500
1733485461.4607058 , 0.019570112228393555 ,      333.0 ,1733485461.450463  ,tensor([-1.7743  -1.5364  -1.1938  -0.9211   7.8255  -0.8026  -1.1377  -1.3674          -1.1096  -1.3988  -0.9606  -0.9407  -0.2944  -0.5852  -0.8861  -1.6633          -1.5361  -1.5618  -0.9870  -1.9297  -1.6838
1733485461.5650666 , 0.01831960678100586  ,      334.0 ,1733485461.527628  ,tensor([-2.1679  -0.6914  -0.3090  -0.6009  -1.5311  -1.6496  -1.2720   9.4403          -0.8103  -1.5191  -1.8849  -1.6299  -2.4664  -1.5091  -0.3031  -1.2804          -1.6849  -0.4911  -1.0190  -1.8145  -2.0688
1733485462.0411186 , 0.02440190315246582  ,      335.0 ,1733485462.065383  ,tensor([-3.6768  -3.8702  -4.5245  -5.0673  -5.1523  -4.3254  -3.8511  -4.4318          -6.1025  -4.6052  -4.5678  -5.0915  -3.2153  -4.8401  -4.6387  -3.1051          -0.2390  -3.2806  -3.1382  -3.8904  -1.9256
1733485462.8711221 , 0.012774944305419922 ,      336.0 ,1733485462.8336809 ,tensor([-1.5860  -1.2949  -1.9203  -1.8568  -1.9152  -2.5088  -1.6832  -0.7522          -3.5629  -1.6935  -2.2797  -1.8453  -2.5937  -2.0112  -2.8758  -2.7061          -1.0388  -1.3088  10.6750  -2.2205   0.8256
1733485463.391984  , 0.019304752349853516 ,      337.0 ,1733485463.354765  ,tensor([-3.1771  -0.8116  -2.2113  -1.5415  -1.8929  -3.3216  10.7074  -2.4972          -1.0004  -1.3411  -0.3404  -1.5733  -2.6178  -3.2407  -3.9765  -0.8977          -1.6264  -2.6055  -1.5553  -1.5385  -1.0903
1733485463.8814335 , 0.01809072494506836  ,      338.0 ,1733485463.843897  ,tensor([-1.7170  -0.6739   7.4506   3.8866  -1.1745  -1.9050  -2.0574  -1.6306          -0.1464  -2.6562  -2.4993  -1.8232   0.3224  -2.3059  -2.0953  -1.4615          -1.4720  -1.6289  -3.0192  -2.0451  -1.3957
1733485464.379556  , 0.01968216896057129  ,      339.0 ,1733485464.341644  ,tensor([-3.7327  -3.7052  -3.4711  -2.0801  -1.9396  -2.5008  -3.2975  -3.2663          -4.9543  -2.1590  -3.1672  -2.7905  -2.8661  -1.4642  -3.1219  -3.4733          -3.1818  -3.4640  -3.1568  -4.2888  -3.8304  -
1733485465.2100565 , 0.012543439865112305 ,      340.0 ,1733485465.339676  ,tensor([-1.7130  -0.6233  -0.7092  -0.4373  -1.0141  -1.3089  -0.9205   8.2907          -1.0709  -1.1335  -1.4414  -1.1332  -1.8693  -1.0548  -0.2331  -0.7756          -1.4941  -0.4257  -0.6321  -1.6560  -1.6571
1733485466.0368085 , 0.019365787506103516 ,      341.0 ,1733485465.999307  ,tensor([-1.4145  -1.4015   0.4568   0.5586   0.4404  -1.6097  -1.5987  -1.9046          -1.7803  -1.6109  -2.4633   0.0122  -1.2858  -2.0519  -1.4956  -1.7862          -2.3246  -1.2535  -1.3047  -1.7600  -1.4551
1733485466.2793286 , 0.015547990798950195 ,      342.0 ,1733485466.242058  ,tensor([-3.7674  -5.0321  -1.5402  -3.4320  -5.5085  -3.9543  -3.5976  -2.5462          -4.6308  -4.5690  -4.4673  -4.6486  -3.6753  -4.6726  -3.6814  -3.1743          -0.4737  -2.9200  -3.1431  -2.1164  -2.1501
1733485466.3377664 , 0.01784825325012207  ,      343.0 ,1733485466.319393  ,tensor([-2.7025  -1.9621  -3.2853  -1.8579  -3.3254  -3.2789  -1.8408  -2.4018          -2.3143  -1.3375  -2.8521  -1.7743  -3.5627  -2.9929  -4.3921  -2.7700          -0.8459  -3.7936  -2.7074  -3.3105   2.4308
1733485466.3927436 , 0.0168612003326416   ,      344.0 ,1733485466.395565  ,tensor([-3.3222  -4.5885  -4.4503  -0.9330  -2.1500  -1.7871  -4.6509  -3.6990           0.7109  -3.2030  -1.5325  -2.3557  -4.2518  -2.4480  -2.8782  -4.4087          -3.1825  -1.3617  -3.0699   0.0169  -4.9543  -
1733485466.447737  , 0.01685500144958496  ,      345.0 ,1733485466.473977  ,tensor([-2.8708  -2.2668  -2.8279  -1.4676   0.1430  -2.6829  -2.3144  -2.4212          -1.3456  -1.9559  -2.2773   9.2070  -1.1299   0.5308  -0.9001  -2.0555          -2.1842  -0.7748  -2.8331  -1.8612  -0.9322  -
1733485466.5082543 , 0.018711566925048828 ,      346.0 ,1733485466.4741418 ,t
1733485466.5603797 , 0.018009662628173828 ,      347.0 ,1733485466.55119   ,tensor([-1.0771  -2.1493  -3.3093  -0.3931  -3.2641  -3.0082  -3.7826  -2.5554          -5.2741  -3.3395  -3.1695  -4.3309  -0.8277  -3.3701  -3.5253  -3.3132          -2.5580  -2.0964  -2.4227  -3.6094  -3.3814
1733485466.616581  , 0.019646167755126953 ,      348.0 ,1733485466.6277819 ,tensor([-2.6077  -2.8559  -3.3397  -2.4242  -1.7286  -4.0391  -3.1397  -2.4950          -3.2225  -3.1039  -3.3000  -0.4062   4.1090  -1.9189   4.6108  -2.6365           1.6812  -2.2686  -2.0923  -2.7441  -0.2150
1733485466.6776164 , 0.023177146911621094 ,      349.0 ,1733485466.70474   ,tensor([-1.5518  -0.8605  -0.7454  -0.5903  -1.0773  -1.2320  -0.7388   7.0407          -1.2453  -1.1096  -1.2928  -1.0019  -1.9336  -1.1005  -0.2090  -0.3782          -1.3344  -0.8770  -0.5663  -1.3230  -1.5703
1733485466.7722473 , 0.0241546630859375   ,      350.0 ,1733485466.782808  ,tensor([12.8617  -1.6021  -1.1928  -1.6685  -0.5628  -1.9022  -2.2287  -0.9454          -1.3092  -1.2402  -2.3455  -1.1690  -0.7682  -1.0728  -1.1025  -0.9351          -1.2718  -0.3347  -1.4087  -0.9242  -1.1519  -
1733485466.8241756 , 0.013614654541015625 ,      351.0 ,1733485466.859919  ,tensor([-1.1568  -1.7343   2.2880  -1.6470  -1.6135  -2.4746  -1.2584  -1.5680          -0.2390  -1.1592  -2.4532  -0.9568  -1.0550  -1.9562  -1.8862  -2.5691          -1.1133  -1.3598  -0.2057  -3.0990   6.6021
1733485466.875103  , 0.015268087387084961 ,      352.0 ,1733485466.860072  ,
1733485466.9262881 , 0.014560461044311523 ,      353.0 ,1733485466.937484  ,tensor([-3.8462e+00  -2.3358e+00  -2.8401e+00  -1.8986e+00  -2.2580e+00          -2.7008e+00  -2.4907e+00  -3.4100e+00  -1.3212e+00  -2.9550e+00          -4.0723e+00  -2.4728e+00   8.4903e-01  -1.3940e+00  -2.522
1733485466.9794614 , 0.013995647430419922 ,      354.0 ,1733485467.0142238 ,tensor([-4.8242  -4.9341  -3.8589  -2.5536  -2.4742  -2.6446  -4.2981  -3.4078          -6.0185  -2.9774  -2.9701  -4.1945  -4.2639  -1.8716  -3.2092  -4.0720          -4.2130  -3.8038  -3.7524  -4.4488  -5.6094
1733485467.032905  , 0.01387643814086914  ,      355.0 ,1733485467.014347  ,t
1733485467.0882182 , 0.01714301109313965  ,      356.0 ,1733485467.0925162 ,tensor([-1.9169  -0.9206  -1.7360  -1.5026  -2.6453  -1.5001  -1.7160  -1.5786          -0.2945  -1.8766  -1.9069  -2.6466  -2.1310  -2.4007  -3.0980  -1.2922          -2.1359  -1.8916  -2.3016  -2.3058  -2.0079
1733485467.1418421 , 0.014984369277954102 ,      357.0 ,1733485467.169467  ,tensor([13.6529  -1.6249  -1.3513  -1.4646  -0.7692  -1.9571  -2.3134  -0.8661          -0.8002  -1.2940  -2.3631  -1.2354  -0.9554  -1.0816  -1.2998  -1.2867          -1.6509  -0.3524  -1.4754  -0.9857  -1.1128
1733485467.2486928 , 0.014943599700927734 ,      359.0 ,1733485467.248644  ,tensor([-2.9052  -2.8763  -1.1722  -1.9702  -0.1737  -2.6340  -1.7722   0.6726          -1.1238  -2.9657  -2.2435  -2.2615  -3.1911  -2.8835  -1.8409   1.5263          -2.6547  -1.9288  -2.2307  -2.2611  -3.0868
1733485467.3011947 , 0.014969587326049805 ,      360.0 ,1733485467.32676   ,tensor([-2.3826  -1.3838  -1.0142  -1.0547  -1.5739  -1.4423  -1.2884  10.1381          -0.9789  -1.6529  -1.9965  -1.6048  -2.8164  -1.4682  -0.6881  -1.3388          -2.3229  -0.6240  -1.2230  -1.7636  -2.2488
1733485467.4056654 , 0.015702247619628906 ,      362.0 ,1733485467.426444  ,tensor([-4.2595  -3.2203  -3.2832  -3.3152  -1.1330  -2.8116  -4.5096  -1.6150          -3.0802  -2.9810  -2.0823  -0.0963   1.5534  -0.5723  13.3513  -1.2633          -0.7229  -3.0640  -4.1857  -3.0796  -3.7401
1733485467.4694111 , 0.016108274459838867 ,      363.0 ,1733485467.502957  ,tensor([-3.9363  -1.7523  -2.5670  -2.6003  -1.3627  -2.5569   8.1905  -2.4609          -1.1497  -2.3311  -0.3508  -1.8057  -2.5219  -2.6055  -3.9779   0.8927          -1.5756  -2.1142  -2.3898  -2.0261  -1.4058
1733485467.5229192 , 0.01464080810546875  ,      364.0 ,1733485467.50308   ,
1733485467.575102  , 0.016169309616088867 ,      365.0 ,1733485467.580713  ,tensor([-2.2586  -0.8444  -2.4727  -2.1253  -2.6180  -3.0547  -2.1217  -2.2264          -2.1840  -2.4518  -2.4918  -1.9520  -0.7842  -1.9752  -0.3466  -0.6764          10.1995  -1.6912  -2.0470  -2.3466  -0.6981
1733485467.626851  , 0.014575481414794922 ,      366.0 ,1733485467.6574872 ,tensor([-0.4692  -2.4353  -2.4637  -2.3348  -0.8808  -2.0838  -2.0733  -1.8657           7.9915  -2.3959  -1.7601  -1.9432  -1.1114  -1.5475  -1.5639  -1.1764          -2.4476  -2.3930  -3.2161  -0.9691  -1.8841
1733485467.6775138 , 0.01859259605407715  ,      367.0 ,1733485467.6576    ,t
1733485467.733449  , 0.014948368072509766 ,      368.0 ,1733485467.735998  ,tensor([-3.3677  -3.5819  -3.1061  -0.6752  -1.0744  -1.4737  -3.4906  -2.8896           0.8319  -2.5363  -0.8813  -2.2108  -4.4305  -2.0400  -2.5318  -4.2985          -2.9083  -1.4912  -2.3181  -0.6069  -4.5251
1733485467.7841299 , 0.01443171501159668  ,      369.0 ,1733485467.813248  ,tensor([-4.7929  -4.5608  -2.8902  -3.6834  -4.6184  -2.4181  -3.1827  -3.7996          -5.0067  -3.3415  -3.6722  -3.8963  -4.8940  -3.6999  -2.2866  -2.6729          -2.0109  -3.7977  -3.4198  -4.1562  -4.3645
1733485467.8390646 , 0.014828681945800781 ,      370.0 ,1733485467.813366  ,
1733485467.8909624 , 0.01470947265625     ,      371.0 ,1733485467.897078  ,tensor([-2.5813   6.0535   2.4473   1.4161  -0.6375  -2.4516  -0.9985  -0.8591          -2.3662  -2.7305  -1.6456  -2.4471  -1.1500  -2.1798  -2.5604  -0.7888          -1.2384  -2.0957  -1.6216  -2.1797  -2.6310  -2.
1733485467.9461057 , 0.014514923095703125 ,      372.0 ,1733485467.9736588 ,tensor([-3.1043  -3.2881  -2.7953  -0.7621  -0.9360  -1.5181  -2.9199  -2.6221           0.7598  -2.3046  -0.8304  -1.9043  -3.2011  -1.5421  -1.6376  -3.7243          -2.4736  -1.4461  -2.0404  -0.4687  -3.8801
1733485468.0562916 , 0.01520681381225586  ,      374.0 ,1733485468.0504582 ,tensor([-3.4449  -2.9126  -3.0917  -3.6293  -3.9828  -3.7765  -2.2439  -3.5188          -5.0365  -3.5623  -4.6565  -3.2594   0.1984  -2.6375  -1.5534  -3.4261           1.6810  -2.4991  -2.9426  -2.8048  -0.7738
1733485468.1075723 , 0.014664888381958008 ,      375.0 ,1733485468.128719  ,tensor([-3.0236  -3.9840  -3.8157  -0.8457  -1.8803  -2.4187  -4.2033  -3.0420           3.5314  -2.7344  -1.5226  -2.2531  -4.2132  -2.5199  -3.2013  -4.2767          -2.9992  -1.1523  -3.0141   0.8257  -4.7124
1733485468.2187626 , 0.014556884765625    ,      377.0 ,1733485468.2067552 ,tensor([-2.0565  -2.1625  -1.3840  -0.7122  -0.5858  -0.9619  -1.5088  -1.9289           2.6860  -1.9438  -1.8725  -0.5162   1.7163  -0.8943  -0.3564  -1.5731          -1.6262  -2.0278  -2.2114  -1.1065  -2.3542  -1
1733485468.2765687 , 0.015412330627441406 ,      378.0 ,1733485468.2844748 ,tensor([-3.1548  -3.7732  -1.9877  -2.6857  -3.2998  -2.0111  -2.1913  -2.3969          -1.7233  -2.6865  -2.7011  -3.2136  -1.4553  -2.9976  -1.1635  -2.8569          -1.2164  -2.9778  -2.7935  -2.3851  -2.5405
1733485468.3327556 , 0.01584649085998535  ,      379.0 ,1733485468.3609412 ,tensor([-2.3567  -1.3523   6.2983  -1.2878  -3.5004  -1.6572  -2.0537  -0.1372          -1.2315  -1.9391  -2.3969  -2.5704  -1.8896  -2.3891  -2.2406  -1.5003          -1.9238  -1.6086  -2.3289  -1.7011  -1.4248
1733485468.3936331 , 0.017046689987182617 ,      380.0 ,1733485468.361043  ,
1733485468.4468052 , 0.014568328857421875 ,      381.0 ,1733485468.437639  ,tensor([-5.1652  -1.4482  -3.8825  -4.1291  -2.1809  -1.8907  -1.8094  -3.5258          -2.3375  -2.1059  12.9975  -4.3510  -4.7557  -0.5703  -0.6977  -0.7106          -4.4030  -1.1612  -2.8924  -0.0890  -4.1376
1733485468.5048687 , 0.016209125518798828 ,      382.0 ,1733485468.5317109 ,tensor([-1.9260  -2.8959  -3.8546  -2.8632  -2.8558  -3.6278  -2.4258  -1.2397          -5.2408  -2.7511  -3.7602  -3.3708  -3.3234  -2.9544  -4.1783  -3.8468          -1.4278  -2.3762  12.4108  -2.7723   1.8917
1733485468.560776  , 0.014914751052856445 ,      383.0 ,1733485468.5318432 ,
1733485468.621065  , 0.01807689666748047  ,      384.0 ,1733485468.635251  ,tensor([-2.8957  -3.0808  -3.3511  -4.9080  -4.7404  -4.7470  -2.6883  -3.1965          -3.5557  -2.6661  -4.2118  -1.6903  -3.4335  -2.9730  -2.4495  -3.9764           0.7475  -2.1549  -0.4041  -3.7940  10.0337  -
1733485468.6757686 , 0.018377304077148438 ,      385.0 ,1733485468.715965  ,tensor([-2.9862  -2.5500  -3.1974  -1.5654  -0.6466  -2.3299  -2.6187  -3.2599          -1.7881  -2.9556  -3.0940   9.0357   0.6601  -1.1708  -1.5525  -2.9587          -2.0627  -0.5662  -2.8303  -1.8994  -0.9269
1733485468.7289095 , 0.01566171646118164  ,      386.0 ,1733485468.716054  ,
1733485468.7838655 , 0.01418161392211914  ,      387.0 ,1733485468.797285  ,tensor([-2.3713  -1.8775  -2.8983  -1.5604  -0.5105  -1.8225  -2.6892  -1.6424          -0.8608  -1.5730  -0.8045   1.2018  -1.8214   6.7452   0.1326  -1.8003          -1.8857  -2.8034  -2.3179  -2.0151  -1.8264
1733485468.8399    , 0.013913154602050781 ,      388.0 ,1733485468.873955  ,tensor([13.8055  -1.6433  -1.0571  -1.5357  -0.7311  -1.9158  -2.2204  -0.9682          -1.2265  -1.1933  -2.4218  -1.0869  -0.7616  -1.1335  -1.2851  -1.0176          -1.4519  -0.7006  -1.4400  -0.7832  -1.2855  -1
1733485468.892526  , 0.014414072036743164 ,      389.0 ,1733485468.874115  ,ten
1733485468.9526458 , 0.014620065689086914 ,      390.0 ,1733485468.951763  ,tensor([-1.8018  -1.7558  -1.4417  -1.4534  -1.7954  11.8969  -1.9761  -1.9850          -0.7344  -1.3463  -1.4585  -1.5410  -1.1073  -1.2907  -1.2284  -1.1690          -2.3828  -1.2846  -1.7681  -1.1886  -2.2034
1733485469.0056837 , 0.014369726181030273 ,      391.0 ,1733485469.028266  ,tensor([-2.3640   1.7748  -4.0630  -4.8554  -4.7535  -1.6354  -2.8216  -3.7498          -0.4383  -2.4818  -3.0552  -3.8189  -3.5654  -3.6148  -5.3536  -2.1115          -1.8278  -1.6745  -2.7273  -1.7832  -1.5424
1733485469.0611105 , 0.01463770866394043  ,      392.0 ,1733485469.028386  ,
1733485469.1186483 , 0.014984369277954102 ,      393.0 ,1733485469.106525  ,tensor([-2.6061  -2.1035  -1.4951  -1.1397  11.0385  -1.0742  -1.8232  -2.1137          -0.2059  -1.8421  -1.2107  -0.9112  -0.5511  -0.4738   0.0433  -2.5298          -2.4525  -2.3190  -1.8419  -2.6708  -2.6695
1733485469.1792896 , 0.015979766845703125 ,      394.0 ,1733485469.1847181 ,tensor([-0.9305  -1.7922  -2.7284  -1.2221  -1.4421  -2.0792  -2.3188  -1.7212           0.1294  -1.2564  -1.8606  -0.8491  -1.7522  -1.6903  -1.5797  -2.4365          -2.3901  -2.0555  -2.9839  -1.7375  -0.2979
1733485469.233547  , 0.014519453048706055 ,      395.0 ,1733485469.262516  ,tensor([-2.9583  -2.9899  -1.4698  -2.4978  -2.6221  -3.0327  -2.6215  -2.1040          -4.0687  -2.5493  -2.8070  -3.5185  -0.6958  -3.2539  -3.5744  -2.2622          -2.1333  -3.3410  -2.6119  -3.0627  -2.2903
1733485469.2907467 , 0.018004417419433594 ,      396.0 ,1733485469.262867  ,
1733485469.3491907 , 0.016359567642211914 ,      397.0 ,1733485469.3399339 ,tensor([-1.7789  -3.0657  -1.8789  -3.1303  -2.8212  -3.0083  -2.5923  -2.5124          -1.3663  -2.0176  -3.0790  -1.1043  -2.0607  -0.9797  -0.8822  -2.6917          -0.2757  -1.9037   0.2875  -3.4620   6.4408
1733485469.404908  , 0.016724109649658203 ,      398.0 ,1733485469.420126  ,tensor([-2.8014  -2.7802  -3.7244  -3.0826  -2.4526  -2.7663  -3.3599  -2.8497          -1.9525  -1.9314  -1.5850  -2.2359  -3.4469  -0.8403  -1.7541  -3.1453          -2.1367  -2.3984  -3.5075  -1.8327  -1.1558
1733485469.4573615 , 0.014752388000488281 ,      399.0 ,1733485469.483368  ,tensor([-2.3796   3.9808  -2.5164  -0.5769  -2.0925  -2.4591   2.2965  -1.9565          -1.5529  -1.8514   0.7067  -1.4811  -0.7256  -1.6557  -2.1413   0.1142          -1.3902  -2.2872  -1.2150  -2.1452  -1.6696
